word,condition,V,A,length,친숙성,원형성,source,def
맹수,negative,-1.006,1.336,2,,,이윤형,주로 육식을 하는 사나운 짐승. 사자나 범 따위를 이른다.
딱하다,negative,-1.01,-0.02,3,4.29,3.94,민경환,사정이나 처지가 애처롭고 가엾다.
애환,negative,-1.01,-0.19,2,3.59,3.5,민경환,슬픔과 기쁨을 아울러 이르는 말.
무색하다,negative,-1.02,-1.21,4,4.1,3.5,민경환,"겸연쩍고 부끄럽다.
본래의 특색을 드러내지 못하고 보잘것없다."
식상하다,negative,-1.02,-0.89,4,4.61,4.03,민경환,"어떤 음식을 자꾸 먹어 물리다.
일이나 사물이 되풀이되어 질리다."
벅차다,negative,-1.02,0.57,3,,,고일주,"감당하기가 어렵다.
감격, 기쁨, 희망 따위가 넘칠 듯이 가득하다."
썰렁하다,negative,-1.02,-0.69,4,,,고일주,(말이나 이야기가) 분위기에 걸맞지 않고 어색하다.
망설이다,negative,-1.03,-0.19,4,,,민경환,이리저리 생각만 하고 태도를 결정하지 못하다.
불쌍하다,negative,-1.03,-0.67,4,5.74,4.74,민경환,처지가 안되고 애처롭다.
안쓰럽다,negative,-1.03,-0.66,4,5.1,4.61,민경환,"손아랫사람이나 약자에게 도움을 받거나 폐를 끼쳤을 때 마음에 미안하고 딱하다.
손아랫사람이나 약자의 딱한 형편이 마음이 아프고 가엽다."
애도하다,negative,-1.04,-0.68,4,4.16,3.74,민경환,사람의 죽음을 슬퍼하다.
안타깝다,negative,-1.05,-0.48,4,,,민경환,뜻대로 되지 아니하거나 보기에 딱하여 가슴 아프고 답답하다.
애달프다,negative,-1.05,0.02,4,4.17,4.21,민경환,"마음이 안타깝거나 쓰라리다.
애처롭고 쓸쓸하다."
흐미,negative,-1.05,0.06,2,,,고일주,조금의 감동이나 놀라거나 찔릴때 쓰는 글.
걱정하다,negative,-1.06,-0.06,4,6.02,4.88,민경환,안심이 되지 않아 속을 태우다.
당혹하다,negative,-1.06,0.9,4,4.53,4.17,민경환,무슨 일을 당하여 정신이 헷갈리거나 생각이 막혀 어찌할 바를 몰라 하다.
애끓다,negative,-1.06,1.33,3,3.82,4.02,민경환,몹시 답답하거나 안타까워 속이 끓는 듯하다.
적적하다,negative,-1.06,-0.65,4,3.69,3.89,민경환,조용하고 쓸쓸하다. 하는 일 없이 심심하다.
은둔형,negative,-1.0625,-1.9375,3,,,김청택,사람을 만나거나 외출하는 일이 거의 없이 일정한 공간에 머무르려고 하는 성격 유형.
뜨끔하다,negative,-1.08,0.76,4,4.74,4.24,민경환,"갑자기 불에 닿은 것처럼 뜨겁다.
마음에 큰 자극을 받아 뜨겁다.
찔리거나 얻어맞은 것처럼 아프다."
후덜덜,negative,-1.08,0.45,3,,,고일주,몹시 놀랍거나 무서워서 팔다리나 몸이 자꾸 크게 떨리는 모양.
무안하다,negative,-1.09,-0.31,4,,,민경환,수줍거나 창피하여 볼 낯이 없다.
미안하다,negative,-1.09,0.01,4,,,민경환,"남에게 대하여 마음이 편치 못하고 부끄럽다.
겸손히 양해를 구하는 뜻을 나타내는 말."
지리하다,negative,-1.09,-0.93,4,3.14,3.18,민경환,(사람이 무엇에) 따분하고 싫증이 난 상태에 있다.
허전하다,negative,-1.09,-1.47,4,5.27,4.51,민경환,"주위에 아무것도 없어서 공허한 느낌이 있다.
무엇을 잃거나 의지할 곳이 없어진 것같이 서운한 느낌이 있다.
느즈러져 안정감이 없다."
아연하다,negative,-1.1,-0.76,4,2.54,2.99,민경환,너무 놀라거나 어이가 없어서 또는 기가 막혀서 입을 딱 벌리고 말을 못 하는 상태이다.
무료하다,negative,-1.11,-1.77,4,4.55,4.05,민경환,흥미 있는 일이 없어 심심하고 지루하다.
선뜩하다,negative,-1.11,0.69,4,3.11,3.19,민경환,갑자기 놀라서 마음에 서늘한 느낌이 있다.
어이없다,negative,-1.11,-0.18,4,5.18,4.11,민경환,일이 너무 뜻밖이어서 기가 막히는 듯하다.
전투,negative,-1.114,0.97,2,,,이윤형,두 편의 군대가 조직적으로 무장하여 싸움.
낯뜨겁다,negative,-1.12,1.31,4,,,민경환,남 보기 무안하거나 부끄러워 얼굴이 화끈거릴 정도이다.
도제식,negative,-1.125,0.5625,3,,,김청택,도제 관계와 같이 제자가 스승에게 절대적으로 복종하던 방법.
코웃음,negative,-1.14,-0.08,3,4.69,3.34,민경환,콧소리를 내거나 코끝으로 가볍게 웃는 비난조의 웃음.
어지럽다,negative,-1.14,-0.15,4,,,고일주,"몸을 제대로 가눌 수 없이 정신이 흐리고 얼떨떨하다.
모든 것이 뒤섞이거나 뒤얽혀 갈피를 잡을 수 없다.
사회가 혼란스럽고 질서가 없다."
민망하다,negative,-1.15,0.39,4,5.26,4.5,민경환,"보기에 답답하고 딱하여 안타깝다.
낯을 들고 대하기가 부끄럽다."
스산하다,negative,-1.15,-0.28,4,3.02,3.07,민경환,"몹시 어수선하고 쓸쓸하다.
날씨가 흐리고 으스스하다.
마음이 가라앉지 아니하고 뒤숭숭하다."
처연하다,negative,-1.15,-0.94,4,2.35,2.89,민경환,기운이 차고 쓸쓸하다.
서운하다,negative,-1.16,-0.82,4,5.76,4.69,민경환,마음에 모자라 아쉽거나 섭섭한 느낌이 있다.
민망,negative,-1.169,0.729,2,,,이윤형,겸연쩍고 부끄러움.
번뇌하다,negative,-1.17,-0.32,4,3.59,3.11,민경환,마음이 시달려서 괴로워하다.
샐쭉하다,negative,-1.17,-0.63,4,2.64,3.21,민경환,"어떤 감정을 나타내면서 입이나 눈이 한쪽으로 약간 샐그러지게 움직이다. 또는 그렇게 하다.
마음에 차지 아니하여서 약간 고까워하는 태도가 드러나다."
착잡하다,negative,-1.17,-1.17,4,4.5,4.17,민경환,갈피를 잡을 수 없이 뒤섞여 어수선하다.
장애,negative,-1.177,-0.267,2,,,이윤형,"어떤 사물의 진행을 가로막아 거치적거리게 하거나 충분한 기능을 하지 못하게 함. 또는 그런 일.
신체 기관이 본래의 제 기능을 하지 못하거나 정신 능력에 결함이 있는 상태."
부끄럽다,negative,-1.18,0.68,4,,,민경환,"일을 잘 못하거나 양심에 거리끼어 볼 낯이 없거나 매우 떳떳하지 못하다.
스스러움을 느끼어 매우 수줍다."
고아원,negative,-1.184,-0.578,3,,,이윤형,고아를 거두어 기르는 사회사업 기관.
낭떠러지,negative,-1.1875,1.8125,4,,,김청택,깎아지른 듯한 언덕.
미충족,negative,-1.1875,-0.0625,3,,,김청택,일정한 분량을 채우지 아니하여 모자람.
황무지,negative,-1.1875,-0.1875,3,,,김청택,손을 대어 거두지 않고 내버려 두어 거친 땅.
구슬프다,negative,-1.2,-0.26,4,3.61,3.89,민경환,처량하고 슬프다.
조바심,negative,-1.2,1.21,3,4.24,4.04,민경환,조마조마하여 마음을 졸임. 또는 그렇게 졸이는 마음.
먹먹하다,negative,-1.2,-0.93,4,,,고일주,"갑자기 귀가 막힌 듯이 소리가 잘 들리지 않다.
체한 것같이 가슴이 답답하다."
미치겠다,negative,-1.2,1.32,4,,,고일주,정신이 나갈 정도로 매우 괴로워하다.
해부,negative,-1.216,0.573,2,,,이윤형,생물체의 일부 또는 전부를 절개하여 그 내부를 조사하는 일.
따분하다,negative,-1.23,-1.41,4,5.34,4.53,민경환,재미가 없어 지루하고 답답하다.
소심하다,negative,-1.23,-0.93,4,,,고일주,대담하지 못하고 조심성이 지나치게 많다.
피곤하다,negative,-1.23,-0.96,4,,,고일주,몸이나 마음이 지치어 고달프다.
처벌,negative,-1.239,0.846,2,,,이윤형,형벌에 처함. 또는 그 벌.
심려하다,negative,-1.24,-0.24,4,3.66,3.25,민경환,마음속으로 걱정하다.
염려하다,negative,-1.24,-0.05,4,4.96,4.15,민경환,앞일에 대하여 여러 가지로 마음을 써서 걱정하다.
고민하다,negative,-1.25,-0.71,4,5.55,4.15,민경환,마음속으로 괴로워하고 애를 태우다.
비련,negative,-1.25,-0.42,2,3.73,3.51,민경환,"슬프게 끝나는 사랑.
애절한 그리움."
샘내다,negative,-1.25,0.98,3,,,민경환,샘하는 마음을 먹다. 또는 샘을 부리다.
성내다,negative,-1.25,1.86,3,4.92,4.36,민경환,노여움을 나타내다.
모호하다,negative,-1.25,0.375,4,,,김청택,말이나 태도가 흐리터분하여 분명하지 않다.
기겁하다,negative,-1.26,1.67,4,4.39,4.1,민경환,숨이 막힐 듯이 갑작스럽게 겁을 내며 놀라다.
초조하다,negative,-1.26,0.88,4,,,민경환,애가 타서 마음이 조마조마하다.
공허하다,negative,-1.27,-1.45,4,3.94,4.03,민경환,"아무것도 없이 텅 비다.
실속이 없이 헛되다."
애증,negative,-1.28,-0.06,2,3.48,3.29,민경환,사랑과 미움을 아울러 이르는 말.
유감,negative,-1.28,0.16,2,4.79,4.11,민경환,마음에 차지 아니하여 섭섭하거나 불만스럽게 남아 있는 느낌.
의혹,negative,-1.28,0.51,2,4.41,3.34,민경환,의심하여 수상히 여김. 또는 그런 마음.
고뇌하다,negative,-1.29,-0.28,4,4.08,3.54,민경환,괴로워하고 번뇌하다.
비애,negative,-1.29,0.41,2,3.97,3.66,민경환,슬퍼하고 서러워함. 또는 그런 것.
충격받다,negative,-1.29,1.29,4,,,고일주,슬픈 일이나 뜻밖의 사건 따위로 마음에 받은 심한 자극이나 영향을 받다.
격하다,negative,-1.3,1.41,3,3.87,3.94,민경환,"갑작스럽게 성을 내거나 흥분하다.
기세나 감정 따위가 급하고 거세다."
전전긍긍,negative,-1.3,0.39,4,4.13,3.34,민경환,몹시 두려워서 벌벌 떨며 조심함.
토라지다,negative,-1.3,0.36,4,4.56,4.19,민경환,마음에 들지 아니하고 뒤틀리어서 싹 돌아서다.
유서,negative,-1.301,-0.469,2,,,이윤형,죽음에 임하여 남기는 글.
과부,negative,-1.309,-0.36,2,,,이윤형,남편을 잃고 혼자 사는 여자.
슬프다,negative,-1.31,-0.56,3,,,민경환,원통한 일을 겪거나 불쌍한 일을 보고 마음이 아프고 괴롭다.
절절하다,negative,-1.31,0.15,4,3.15,3.36,민경환,매우 간절하다.
갑작스레,negative,-1.3125,2.0,4,,,김청택,미처 생각할 겨를이 없이 급하게.
게으름,negative,-1.3125,-0.4375,3,,,김청택,행동이 느리고 움직이거나 일하기를 싫어하는 태도나 버릇.
미실시,negative,-1.3125,-0.75,3,,,김청택,아직 실제로 시행하지 아니함.
약하다,negative,-1.3125,-0.125,3,,,김청택,각오나 의지 따위가 굳지 못하고 여리다.
쓰라리다,negative,-1.32,0.06,4,,,고일주,"상처가 쓰리고 아리다.
마음이 몹시 괴롭다."
권태롭다,negative,-1.33,-1.19,4,3.99,3.89,민경환,어떤 일에 싫증이 나거나 심신이 나른해져서 게으른 데가 있다.
기막히다,negative,-1.33,0.72,4,5.19,4.52,민경환,어떠한 일이 놀랍거나 언짢아서 어이없다.
망연하다,negative,-1.33,-0.68,4,2.69,3.21,민경환,"매우 넓고 멀어서 아득하다.
아무 생각이 없이 멍하다."
서먹하다,negative,-1.33,-0.39,4,,,민경환,낯이 설거나 친하지 아니하여 어색하다.
애석하다,negative,-1.33,-0.22,4,4.26,3.91,민경환,슬프고 아깝다.
자만심,negative,-1.33,0.75,3,4.88,4.03,민경환,자신이나 자신과 관련 있는 것을 스스로 자랑하며 뽐내는 마음.
허탈하다,negative,-1.33,-0.8,4,4.99,4.36,민경환,몸에 기운이 빠지고 정신이 멍하다.
외로움,negative,-1.348,-0.531,3,,,이윤형,홀로 되어 쓸쓸한 마음이나 느낌.
위화감,negative,-1.35,0.56,3,3.92,3.38,민경환,조화되지 아니하는 어설픈 느낌.
독하다,negative,-1.35,0.06,3,,,고일주,독기가 있다. 마음이나 성격 따위가 모질다.
오싹하다,negative,-1.35,0.93,4,,,고일주,몹시 무섭거나 추워서 갑자기 몸이 움츠러들거나 소름이 끼치다.
씁쓸하다,negative,-1.36,-0.92,4,4.74,4.35,민경환,"조금 쓰다.
달갑지 아니하여 조금 싫거나 언짢다."
지루하다,negative,-1.36,-1.86,4,5.56,4.72,민경환,시간이 오래 걸리거나 같은 상태가 오래 계속되어 따분하고 싫증이 나다.
철조망,negative,-1.363,0.13,3,,,이윤형,철조선을 그물 모양으로 얼기설기 엮어 놓은 물건. 또는 그것을 둘러친 울타리.
떨어지다,negative,-1.375,0.75,4,,,김청택,위에서 아래로 내려지다.
비자금,negative,-1.375,0.8125,3,,,김청택,"세금 추적을 할 수 없도록 특별히 관리하여 둔 돈을 통틀어 이르는 말. 무역과 계약 따위의 거래에서 관례적으로 생기는 리베이트와 커미션, 회계 처리의 조작으로 생긴 부정한 돈 따위가 이에 해당한다."
확진자,negative,-1.375,0.875,3,,,김청택,질환의 종류나 상태를 확실하게 진단받은 사람.
지렁이,negative,-1.379,-0.189,3,,,이윤형,빈모강의 환형동물을 통틀어 이르는 말.
약오르다,negative,-1.38,1.01,4,,,민경환,비위가 상하여 언짢거나 은근히 화가 나다.
뻔뻔하다,negative,-1.38,0.12,4,,,고일주,생김새가 음전하고 미끈하다.
아프다,negative,-1.38,0.0,3,,,고일주,"몸의 어느 부분이 다치거나 맞거나 자극을 받아 괴로움을 느끼다.
몸이 병이 나거나 들어 앓는 상태에 있다.
오랫동안 어떤 일을 하여 몸의 어떤 부분에 괴로운 느낌을 받는 상태에 있다."
이씨,negative,-1.38,1.26,2,,,고일주,기분이 불쾌하거나 못마땅할 때 내는 말.
걱정,negative,-1.387,0.379,2,,,이윤형,"안심이 되지 않아 속을 태움.
아랫사람의 잘못을 꾸짖음."
겁나다,negative,-1.39,1.56,3,5.43,4.77,민경환,무섭거나 두려운 마음이 생기다.
갈등하다,negative,-1.41,0.82,4,,,민경환,"칡과 등나무가 서로 얽히는 것과 같이, 개인이나 집단 사이에 목표나 이해관계가 달라 서로 적대시하거나 충돌하다.
심리 두 가지 이상의 상반되는 요구나 욕구, 기회 또는 목표에 직면하였을 때, 선택을 하지 못하고 괴로워하다."
떠름하다,negative,-1.41,-0.39,4,2.75,2.73,민경환,"맛이 조금 떫다.
좀 얼떨떨한 느낌이 있다.
마음이 썩 내키지 아니하다."
뜨악하다,negative,-1.41,1.46,4,2.41,3.01,민경환,"마음이 선뜻 내키지 않아 꺼림칙하고 싫다.
마음이나 분위기가 맞지 않아 서먹하다. 또는 사귀는 사이가 떠서 서먹하다."
수심,negative,-1.41,-0.59,2,2.91,3.14,민경환,매우 근심함. 또는 그런 마음.
심란하다,negative,-1.41,0.01,4,,,민경환,마음이 어수선하다.
우려하다,negative,-1.41,-0.05,4,4.51,3.69,민경환,근심하거나 걱정하다.
켕기다,negative,-1.41,0.49,3,4.05,3.66,민경환,마음속으로 겁이 나고 탈이 날까 불안해하다.
극심하다,negative,-1.41,0.45,4,,,고일주,매우 심하다.
꿀꿀하다,negative,-1.41,-0.99,4,,,고일주,흐리거나 궂은 상태에 있다.
울컥하다,negative,-1.41,0.63,4,,,고일주,격한 감정이 갑자기 일어나다.
고독,negative,-1.41,-0.819,2,,,이윤형,"세상에 홀로 떨어져 있는 듯이 매우 외롭고 쓸쓸함.
부모 없는 어린아이와 자식 없는 늙은이."
거북하다,negative,-1.42,0.14,4,4.66,3.92,민경환,"몸이 찌뿌드드하고 괴로워 움직임이 자연스럽지 못하거나 자유롭지 못하다.
마음이 어색하고 겸연쩍어 편하지 않다."
귀찮다,negative,-1.42,-0.37,3,,,민경환,마음에 들지 아니하고 괴롭거나 성가시다.
꺼리다,negative,-1.42,0.04,3,4.36,3.86,민경환,"사물이나 일 따위가 자신에게 해가 될까 하여 피하거나 싫어하다.
개운치 않거나 언짢은 데가 있어 마음에 걸리다."
무섭다,negative,-1.42,1.39,3,,,민경환,"어떤 대상에 대하여 꺼려지거나 무슨 일이 일어날까 겁나는 데가 있다.
두려움이나 놀라움을 느낄 만큼 성질이나 기세 따위가 몹시 사납다."
반항심,negative,-1.42,1.45,3,4.92,3.83,민경환,다른 사람이나 대상에 맞서 대들거나 반대하는 마음.
질투하다,negative,-1.42,1.25,4,5.38,4.47,민경환,"부부 사이나 사랑하는 이성 사이에서 상대되는 이성이 다른 이성을 좋아할 경우에 지나치게 시기하다.
다른 사람이 잘되거나 좋은 처지에 있는 것 따위를 공연히 미워하고 깎아내리려 하다."
발끈하다,negative,-1.43,1.54,4,4.38,4.28,민경환,사소한 일에 걸핏하면 왈칵 성을 내다.
설워하다,negative,-1.43,0.04,4,3.22,3.29,민경환,'서러워하다'의 준말.
한숨,negative,-1.433,-0.718,2,,,이윤형,"근심이나 설움이 있을 때, 또는 긴장하였다가 안도할 때 길게 몰아서 내쉬는 숨."
울적하다,negative,-1.44,-1.37,4,4.55,4.31,민경환,마음이 답답하고 쓸쓸하다.
탈주,negative,-1.441,1.141,2,,,이윤형,감금된 곳에서 몸을 빼어 달아남.
위축감,negative,-1.45,-0.33,3,3.73,3.32,민경환,어떤 힘에 눌려 졸아들고 기를 펴지 못하는 느낌.
쓸쓸하다,negative,-1.46,-1.2,4,5.41,4.84,민경환,외롭고 적적하다.
창피하다,negative,-1.46,0.2,4,,,민경환,체면이 깎이는 일이나 아니꼬운 일을 당하여 부끄럽다.
불편하다,negative,-1.47,0.45,4,,,민경환,"어떤 것을 사용하거나 이용하는 것이 거북하거나 괴롭다.
몸이나 마음이 편하지 아니하고 괴롭다.
다른 사람과의 관계 따위가 편하지 아니하다."
시기하다,negative,-1.47,0.61,4,4.79,4.08,민경환,남이 잘되는 것을 샘하여 미워하다.
대성통곡,negative,-1.47,1.2,4,,,고일주,큰 소리로 몹시 슬프게 곡을 함.
빡세다,negative,-1.47,0.87,3,,,고일주,(속되게) 하는 일이 힘들고 고되다.
힘들다,negative,-1.47,-0.27,3,,,고일주,"힘이 쓰이는 면이 있다.
어렵거나 곤란하다.
마음이 쓰이거나 수고가 되는 면이 있다."
달동네,negative,-1.472,0.247,3,,,이윤형,산등성이나 산비탈 따위의 높은 곳에 가난한 사람들이 모여 사는 동네.
안달하다,negative,-1.48,0.93,4,4.21,3.81,민경환,속을 태우며 조급하게 굴다.
통분,negative,-1.48,1.51,2,2.5,2.91,민경환,원통하고 분함.
기죽다,negative,-1.49,-1.06,3,4.97,4.03,민경환,기세가 꺾여 약해지다.
불안하다,negative,-1.49,0.88,4,,,민경환,"마음이 편하지 아니하다.
몸이 편안하지 아니하다.
마음에 미안하다."
서럽다,negative,-1.49,0.32,3,,,민경환,원통하고 슬프다.
아찔하다,negative,-1.49,1.61,4,4.85,4.24,민경환,갑자기 정신이 아득하고 조금 어지럽다.
지겹다,negative,-1.49,-0.8,3,,,민경환,넌더리가 날 정도로 지루하고 싫다.
처량하다,negative,-1.49,-1.19,4,4.6,4.25,민경환,"마음이 구슬퍼질 정도로 외롭거나 쓸쓸하다.
초라하고 가엾다."
맥빠지다,negative,-1.5,-1.83,4,4.65,4.02,민경환,활기 없고 지루한 느낌이 있다.
속타다,negative,-1.5,0.92,3,,,민경환,걱정이 되어 마음이 달다.
언짢다,negative,-1.5,0.13,3,4.63,4.22,민경환,마음에 들지 않거나 좋지 않다.
풀죽다,negative,-1.5,-1.31,3,4.25,3.66,민경환,기세나 기운이 없어지다.
토네이도,negative,-1.5,1.4375,4,,,김청택,미국 중남부 지역에서 일어나는 강렬한 회오리바람. 특히 봄에서 여름에 걸쳐 많이 발생하며 파괴력이 크다.
사무치다,negative,-1.51,0.81,4,,,민경환,깊이 스며들거나 멀리까지 미치다.
우울하다,negative,-1.51,-1.2,4,,,민경환,근심스럽거나 답답하여 활기가 없다.
회한,negative,-1.51,0.41,2,3.42,3.28,민경환,뉘우치고 한탄함.
허무,negative,-1.519,-0.15,2,,,이윤형,"아무것도 없이 텅 빔.
무가치하고 무의미하게 느껴져 매우 허전하고 쓸쓸함."
가소롭다,negative,-1.52,-0.09,4,4.67,3.88,민경환,같잖아서 우스운 데가 있다.
노엽다,negative,-1.52,1.32,3,3.38,3.4,민경환,화가 날 만큼 분하고 섭섭하다.
떫다,negative,-1.52,0.12,2,3.96,3.5,민경환,"설익은 감의 맛처럼 거세고 텁텁한 맛이 있다.
하는 짓이나 말이 덜되고 못마땅하다."
번민하다,negative,-1.52,-0.53,4,3.82,3.6,민경환,마음이 번거롭고 답답하여 괴로워하다.
포로,negative,-1.527,0.41,2,,,이윤형,"사로잡은 적.
어떤 사람이나 일에 마음이 쏠리거나 매이어 꼼짝 못 하는 상태를 비유적으로 이르는 말."
섭섭하다,negative,-1.53,-0.17,4,5.74,4.9,민경환,"서운하고 아쉽다.
없어지는 것이 애틋하고 아깝다.
기대에 어그러져 마음이 서운하거나 불만스럽다."
체념하다,negative,-1.53,-0.85,4,4.59,4.08,민경환,희망을 버리고 아주 단념하다.
노기,negative,-1.54,0.8,2,2.82,2.98,민경환,성난 얼굴빛. 또는 그런 기색이나 기세.
마땅찮다,negative,-1.54,0.07,4,4.25,3.57,민경환,흡족하게 마음에 들지 아니하다.
폭탄,negative,-1.542,1.25,2,,,이윤형,인명 살상이나 구조물 파괴를 위하여 금속 용기에 폭약을 채워서 던지거나 쏘거나 떨어뜨려서 터뜨리는 폭발물.
싫증나다,negative,-1.55,-0.06,4,,,민경환,어떤 것이 더이상 흥미를 끌지 못하거나 귀찮아서 싫어하는 마음이 생기다.
애타다,negative,-1.55,1.07,3,4.64,4.4,민경환,몹시 답답하거나 안타까워 속이 끓는 듯하다.
질겁하다,negative,-1.55,1.41,4,3.74,3.45,민경환,뜻밖의 일에 자지러질 정도로 깜짝 놀라다.
후회하다,negative,-1.55,0.06,4,,,민경환,이전의 잘못을 깨치고 뉘우치다.
막막하다,negative,-1.56,-0.48,4,4.92,4.17,민경환,"쓸쓸하고 고요하다.
의지할 데 없이 외롭고 답답하다.
꽉 막힌 듯이 답답하다."
죽인다,negative,-1.56,1.26,3,,,고일주,{속된 말로} (무엇이) 매우 멋지거나 훌륭하다.
질질,negative,-1.56,-0.09,2,,,고일주,"바닥에 늘어지거나 닿아서 느리게 끌리는 소리. 또는 그 모양.
이끄는 대로 힘없이 끌려가는 모양.
정한 날짜나 기한 따위를 자꾸 뒤로 미루는 모양."
처지다,negative,-1.56,-0.63,3,,,고일주,감정 혹은 기분 따위가 바닥으로 잠겨 가라앉다.
막연히,negative,-1.5625,0.5625,3,,,김청택,갈피를 잡을 수 없을 정도로 아득하게.
미착용,negative,-1.5625,0.6875,3,,,김청택,마땅히 착용하여야 할 것을 착용하지 아니함.
방관자,negative,-1.5625,-1.0625,3,,,김청택,어떤 일에 직접 나서서 관여하지 않고 곁에서 보기만 하는 사람.
불완전,negative,-1.5625,0.625,3,,,김청택,완전하지 않거나 완전하지 못함.
온실가스,negative,-1.5625,0.5,4,,,김청택,"지구 대기를 오염시켜 온실 효과를 일으키는 가스를 통틀어 이르는 말. 이산화 탄소, 메탄 따위의 가스를 말한다."
공허,negative,-1.566,-0.827,2,,,이윤형,"아무것도 없이 텅 빔.
실속이 없이 헛됨."
두렵다,negative,-1.57,1.32,3,5.4,4.75,민경환,"어떤 대상을 무서워하여 마음이 불안하다.
마음에 꺼리거나 염려스럽다."
의심,negative,-1.571,0.452,2,,,이윤형*,확실히 알 수 없어서 믿지 못하는 마음.
질투,negative,-1.573,1.616,2,,,이윤형,"부부 사이나 사랑하는 이성 사이에서 상대되는 이성이 다른 이성을 좋아할 경우에 지나치게 시기함.
다른 사람이 잘되거나 좋은 처지에 있는 것 따위를 공연히 미워하고 깎아내리려 함."
고깝다,negative,-1.58,0.18,3,3.02,3.08,민경환,섭섭하고 야속하여 마음이 언짢다.
해골,negative,-1.581,0.457,2,,,이윤형,"죽은 사람의 살이 썩고 남은 앙상한 뼈.
살이 전부 썩은 죽은 사람의 머리뼈."
식칼,negative,-1.589,1.631,2,,,이윤형,부엌에서 쓰는 칼.
체포,negative,-1.597,0.737,2,,,이윤형,"형법에서, 사람의 신체에 대하여 직접적이고 현실적인 구속을 가하여 행동의 자유를 빼앗는 일."
흐느낌,negative,-1.597,0.317,3,,,이윤형,몹시 서러워 흑흑 느끼며 욺.
시름겹다,negative,-1.6,-0.83,4,2.81,2.52,민경환,못 견딜 정도로 시름이 많다.
고독하다,negative,-1.62,-1.53,4,5.18,4.57,민경환,세상에 홀로 떨어져 있는 듯이 매우 외롭고 쓸쓸하다.
아픔,negative,-1.62,0.682,2,,,이윤형,육체적으로나 정신적으로 괴로운 느낌.
유해,negative,-1.62,0.021,2,,,이윤형,주검을 태우고 남은 뼈. 또는 무덤 속에서 나온 뼈.
힘없이,negative,-1.625,-0.75,3,,,김청택,기운이나 의욕 따위가 없이.
울분,negative,-1.63,1.74,2,4.13,3.97,민경환,답답하고 분함. 또는 그런 마음.
근심걱정,negative,-1.64,0.37,4,,,민경환,"안심이 되지 않아 속을 태움.
해결되지 않은 일 때문에 속을 태우거나 우울해함."
근심하다,negative,-1.64,-0.02,4,4.69,3.97,민경환,해결되지 않은 일 때문에 속을 태우거나 우울해하다.
야속하다,negative,-1.64,0.56,4,4.4,3.79,민경환,무정한 행동이나 그런 행동을 한 사람이 섭섭하게 여겨져 언짢다.
불만,negative,-1.645,1.1715,2,5.4,4.4,이윤형*,마음에 흡족하지 않음.
냉혹하다,negative,-1.65,-1.05,4,,,고일주,차갑고 혹독하다.
별로다,negative,-1.65,-0.63,3,,,고일주,생각했던 것보다 많이 ~하지는 않다.
힘겹다,negative,-1.65,-0.54,3,,,고일주,힘에 부쳐 능히 당하여 내기 어렵다.
개탄하다,negative,-1.67,1.18,4,3.08,3.35,민경환,분하거나 못마땅하게 여겨 한탄하다.
격앙하다,negative,-1.67,1.58,4,2.49,3.16,민경환,기운이나 감정 따위가 격렬히 일어나 높아지다.
서글프다,negative,-1.67,-0.19,4,4.98,4.72,민경환,"쓸쓸하고 외로워 슬프다.
섭섭하고 언짢다."
성나다,negative,-1.67,2.1,3,4.92,4.3,민경환,"몹시 노엽거나 언짢은 기분이 일다.
거칠고 격한 기운이 일다."
속상하다,negative,-1.68,0.48,4,,,민경환,화가 나거나 걱정이 되는 따위로 인하여 마음이 불편하고 우울하다.
위압감,negative,-1.68,0.98,3,4.08,3.62,민경환,위엄이나 위력 따위로 압박당하거나 정신적으로 억눌리는 느낌.
멘붕,negative,-1.68,0.99,2,,,고일주,멘탈 붕괴'를 줄여 이르는 말.
부랑자,negative,-1.682,0.348,3,,,이윤형,일정하게 사는 곳과 하는 일 없이 떠돌아다니는 사람.
도박판,negative,-1.6875,1.1875,3,,,김청택,사람들이 모여서 돈이나 재물을 걸고 하는 내기가 벌어지는 자리.
세기말,negative,-1.6875,1.0,3,,,김청택,"사회의 몰락으로 사상이나 도덕, 질서 따위가 혼란에 빠지고 퇴폐적, 향락적인 분위기로 되는 시기."
싸구려,negative,-1.6875,-0.25,3,,,김청택,값이 싸거나 질이 낮은 물건.
위법하다,negative,-1.6875,0.5,4,,,김청택,법률이나 명령 따위를 어기다.
실의,negative,-1.69,-0.4,2,3.54,3.24,민경환,뜻이나 의욕을 잃음.
위험,negative,-1.69,1.258,2,,,이윤형,해로움이나 손실이 생길 우려가 있음. 또는 그런 상태.
주눅들다,negative,-1.7,-1.21,4,,,민경환,무섭거나 부끄러워 기세가 약해지다.
질리다,negative,-1.71,-0.06,3,5.03,4.36,민경환,어떤 일이나 음식 따위에 싫증이 나다.
갑갑하다,negative,-1.71,-0.3,4,,,고일주,"옷 따위가 여유 없이 달라붙거나 압박하여 유쾌하지 못한 상태에 있다.
좁고 닫힌 공간 속에 있어 꽉 막힌 느낌이 있다.
너무 더디거나 지루하여 견디기에 진력이 나다."
상처받다,negative,-1.71,-0.39,4,,,고일주,남의 언행에 의해 정신적으로 또는 심리적으로 아픔이나 괴로움을 겪다.
시샘하다,negative,-1.71,0.75,4,,,고일주,(사람이 자기보다 잘되거나 나은 사람을) 괜히 미워하고 싫어하다.
죽겠다,negative,-1.71,0.48,3,,,고일주,정말 힘들다는 말을 비유적으로 뜻하는 말.
피난민,negative,-1.713,0.332,3,,,이윤형,재난을 피하여 가는 백성.
부아,negative,-1.72,0.88,2,2.87,2.89,민경환,노엽거나 분한 마음.
상심하다,negative,-1.72,-0.48,4,4.37,3.9,민경환,슬픔이나 걱정 따위로 속을 썩이다.
얄밉다,negative,-1.72,0.99,3,5.47,4.91,민경환,말이나 행동이 약빠르고 밉다.
외롭다,negative,-1.72,-1.24,3,,,민경환,홀로 되거나 의지할 곳이 없어 쓸쓸하다.
허무하다,negative,-1.72,-1.08,4,,,민경환,"아무것도 없이 텅 빈 상태이다.
무가치하고 무의미하게 느껴져 매우 허전하고 쓸쓸하다.
헛되거나 보잘것없다."
후회,negative,-1.721,0.068,2,,,이윤형,이전의 잘못을 깨치고 뉘우침.
자괴,negative,-1.73,-0.18,2,2.84,3.03,민경환,스스로 부끄러워함.
절박감,negative,-1.73,1.28,3,4.52,4.13,민경환,일이 급하여 몹시 긴장된 느낌.
한스럽다,negative,-1.73,0.13,4,3.61,3.92,민경환,한이 되는 느낌이 있다.
공포,negative,-1.7355,1.806,2,5.29,4.31,이윤형*,두렵고 무서움.
가난,negative,-1.737,0.566,2,,,이윤형,살림살이가 넉넉하지 못함. 또는 그런 상태.
지치다,negative,-1.74,-1.02,3,,,고일주,"힘든 일을 하거나 병, 괴로움 따위에 시달려 기운이 빠지다.
물려서 하고자 하는 적극적인 의지가 없어지다."
도청,negative,-1.744,0.511,2,,,이윤형,타인의 대화나 전화 내용 따위를 몰래 엿들음.
죄책감,negative,-1.745,0.419,3,,,이윤형*,저지른 잘못에 대하여 책임을 느끼는 마음.
골나다,negative,-1.75,1.25,3,3.92,3.5,민경환,비위에 거슬리거나 마음이 언짢아서 성이 나다.
밉다,negative,-1.75,1.04,2,5.62,4.86,민경환,"모양, 생김새, 행동거지 따위가 마음에 들지 않거나 눈에 거슬리는 느낌이 있다."
노폐물,negative,-1.75,-0.625,3,,,김청택,낡아서 소용없는 물건.
부적격,negative,-1.75,0.5625,3,,,김청택,어떤 일에 자격이 알맞지 아니함.
하수구,negative,-1.75,0.3125,3,,,김청택,"빗물이나 집, 공장, 병원 따위에서 쓰고 버리는 더러운 물이 흘러내려 가도록 만든 도랑."
뼈아프다,negative,-1.76,1.16,4,3.74,3.49,민경환,어떤 감정이 골수에 사무치도록 정도가 깊다.
싫다,negative,-1.76,0.76,2,,,민경환,마음에 들지 아니하다.
자책하다,negative,-1.76,0.2,4,4.4,3.82,민경환,자신의 결함이나 잘못에 대하여 스스로 깊이 뉘우치고 자신을 책망하다.
굶주림,negative,-1.76,0.651,3,,,이윤형,먹을 것이 없어 배를 곯는 것.
불안,negative,-1.768,1.04,2,,,이윤형,"마음이 편하지 아니하고 조마조마함.
분위기 따위가 술렁거리어 뒤숭숭함.
몸이 편안하지 아니함."
가책,negative,-1.7685,0.629,2,4.13,3.45,이윤형*,자기나 남의 잘못에 대하여 꾸짖어 책망함.
질색하다,negative,-1.77,1.07,4,4.34,3.73,민경환,몹시 싫어하거나 꺼리다.
분개하다,negative,-1.78,1.63,4,4.11,4.12,민경환,몹시 분하게 여기다.
분하다,negative,-1.78,1.41,3,5.06,4.59,민경환,"억울한 일을 당하여 화나고 원통하다.
될 듯한 일이 되지 않아 섭섭하고 아깝다."
복수,negative,-1.783,1.429,2,,,이윤형,원수를 갚음.
상처,negative,-1.783,0.682,2,,,이윤형,"몸을 다쳐서 부상을 입은 자리.
피해를 입은 흔적."
아니꼽다,negative,-1.79,0.28,4,4.67,4.24,민경환,"비위가 뒤집혀 구역날 듯하다.
하는 말이나 행동이 눈에 거슬려 불쾌하다."
권총,negative,-1.791,1.802,2,,,이윤형,한 손으로 다룰 수 있는 짧고 작은 총. 군용 또는 호신용으로 널리 쓴다.
분노,negative,-1.791,1.141,2,,,이윤형,분개하여 몹시 성을 냄. 또는 그렇게 내는 성.
답답하다,negative,-1.8,-0.36,4,,,민경환,"숨이 막힐 듯이 갑갑하다.
애가 타고 갑갑하다.
융통성이 없이 고지식하다."
신물나다,negative,-1.8,-0.07,4,4.35,3.72,민경환,매우 오래하여 지긋지긋하고 진절머리가 나다.
죄스럽다,negative,-1.8,-0.06,4,3.71,3.66,민경환,죄지은 듯하여 마음이 편하지 아니하다.
사형,negative,-1.807,0.674,2,,,이윤형,죄인의 목숨을 끊는 형벌.
실망하다,negative,-1.81,-0.7,4,,,민경환,희망이나 명망을 잃다. 또는 바라던 일이 뜻대로 되지 아니하여 마음이 몹시 상하다.
저조하다,negative,-1.8125,-0.875,4,,,김청택,활동이나 감정이 왕성하지 못하고 침체해 있다.
수갑,negative,-1.822,0.612,2,,,이윤형,죄인이나 피의자의 행동이 자유롭지 못하도록 양쪽 손목에 걸쳐서 채우는 형구.
식민지,negative,-1.822,0.597,3,,,이윤형,정치적ㆍ경제적으로 다른 나라에 예속되어 국가로서의 주권을 상실한 나라.
낙심하다,negative,-1.83,-0.8,4,4.01,3.76,민경환,바라던 일이 이루어지지 아니하여 마음이 상하다.
반감,negative,-1.83,1.48,2,4.66,4.24,민경환,반대하거나 반항하는 감정.
섬뜩하다,negative,-1.83,1.42,4,4.52,4.45,민경환,갑자기 소름이 끼치도록 무섭고 끔찍하다.
화나다,negative,-1.83,1.91,3,,,민경환,못마땅하거나 언짢아서 노엽고 답답한 감정이 생기다.
호구,negative,-1.83,0.24,2,,,고일주,어수룩하여 이용하기 좋은 사람을 비유적으로 이르는 말.
고름,negative,-1.83,0.076,2,,,이윤형,"몸 안에 병균이 들어가 염증을 일으켰을 때에 피부나 조직이 썩어 생긴 물질이나, 파괴된 백혈구, 세균 따위가 들어 있는 걸쭉한 액체. 희고 누르무레하며 고약한 냄새가 난다."
패배,negative,-1.83,0.744,2,,,이윤형,"겨루어서 짐.
싸움에 져서 달아남."
불편,negative,-1.838,1.032,2,,,이윤형,"어떤 것을 사용하거나 이용하는 것이 거북하거나 괴로움.
몸이나 마음이 편하지 아니하고 괴로움.
다른 사람과의 관계 따위가 편하지 않음."
노하다,negative,-1.84,1.76,3,3.86,3.91,민경환,‘화내다’ 또는 ‘화나다’를 점잖게 이르는 말.
불행하다,negative,-1.84,0.19,4,,,민경환,행복하지 아니하다.
수치,negative,-1.84,0.76,2,4.41,4.01,민경환,다른 사람들을 볼 낯이 없거나 스스로 떳떳하지 못함. 또는 그런 일.
통한,negative,-1.84,0.94,2,3.05,3.12,민경환,"몹시 분하거나 억울하여 한스럽게 여김.
몹시 원통한 데가 있음."
복종,negative,-1.846,0.223,2,,,이윤형,남의 명령이나 의사를 그대로 따라서 좇음.
적개심,negative,-1.846,1.227,3,,,이윤형,적과 싸우고자 하는 마음. 또는 적에 대하여 느끼는 분노와 증오.
경악하다,negative,-1.85,2.03,4,4.13,3.98,민경환,소스라치게 깜짝 놀라다.
실패,negative,-1.853,1.188,2,,,이윤형,일을 잘못하여 뜻한 대로 되지 아니하거나 그르침.
욱하다,negative,-1.86,1.83,3,,,고일주,앞뒤를 헤아림 없이 격한 마음이 불끈 일어나다.
창피,negative,-1.861,0.822,2,,,이윤형,체면이 깎이는 일이나 아니꼬운 일을 당함. 또는 그에 대한 부끄러움.
상실감,negative,-1.8635,-0.57,3,,,이윤형*,무엇인가를 잃어버린 후의 느낌이나 감정 상태.
유족,negative,-1.869,0.387,2,,,이윤형,죽은 사람의 남은 가족.
끔찍하다,negative,-1.87,1.45,4,5.2,4.24,민경환,"정도가 지나쳐 놀랍다.
진저리가 날 정도로 참혹하다."
불쾌하다,negative,-1.87,1.46,4,5.48,4.74,민경환,"못마땅하여 기분이 좋지 아니하다.
몸이 찌뿌드드하고 좋지 않다."
불량품,negative,-1.875,0.25,3,,,김청택,품질이나 상태가 나쁜 물건.
위기론,negative,-1.875,1.5625,3,,,김청택,어떤 위기가 닥쳤거나 곧 올 것이라는 주장이나 이론.
비탄하다,negative,-1.88,1.03,4,2.92,3.49,민경환,몹시 슬퍼하면서 탄식하다.
격분하다,negative,-1.89,1.82,4,4.36,4.04,민경환,몹시 분하고 노여운 감정이 북받쳐 오르다.
괘씸하다,negative,-1.89,1.1,4,,,민경환,남에게 예절이나 신의에 어긋난 짓을 당하여 분하고 밉살스럽다.
허망하다,negative,-1.89,-1.13,4,4.31,3.96,민경환,"거짓되고 망령되다.
어이없고 허무하다."
가혹하다,negative,-1.89,0.6,4,,,고일주,몹시 모질고 혹독하다.
젠장,negative,-1.89,1.14,2,,,고일주,뜻에 맞지 않고 불만스러울 때 혼자 욕으로 하는 말.
하찮다,negative,-1.89,-0.03,3,,,고일주,"그다지 훌륭하지 아니하다.
대수롭지 아니하다."
노발대발,negative,-1.9,2.37,4,3.94,3.85,민경환,몹시 노하여 펄펄 뛰며 성을 냄.
실망,negative,-1.9,-0.15,2,,,이윤형,희망이나 명망을 잃음. 또는 바라던 일이 뜻대로 되지 아니하여 마음이 몹시 상함.
칼날,negative,-1.908,1.756,2,,,이윤형,"물건을 베는, 칼의 얇고 날카로운 부분."
고립감,negative,-1.92,-0.72,3,4.13,3.52,민경환,남과 사귀지 않거나 남의 도움을 받지 못하여 홀로 된 느낌.
구리다,negative,-1.92,0.06,3,,,고일주,"하는 짓이 더럽고 지저분하다.
행동이 떳떳하지 못하고 의심스럽다."
무시하다,negative,-1.92,-0.33,4,,,고일주,사람을 깔보거나 업신여기다.
미워하다,negative,-1.92,0.39,4,,,고일주,밉게 여기거나 밉게 여기는 생각을 직접 행동으로 드러내다.
악하다,negative,-1.92,-0.06,3,,,고일주,인간의 도덕적 기준에 어긋나 나쁘다.
놀림,negative,-1.923,1.507,2,,,이윤형,남을 흉보거나 비웃는 짓.
애통하다,negative,-1.93,0.83,4,3.9,3.87,민경환,"슬퍼하고 가슴 아파하다.
슬프고 가슴 아프다."
음울하다,negative,-1.93,-0.92,4,3.34,3.25,민경환,기분이나 분위기 따위가 음침하고 우울하다.
피해,negative,-1.931,0.83,2,,,이윤형,"생명이나 신체, 재산, 명예 따위에 손해를 입음. 또는 그 손해."
경고장,negative,-1.9375,1.1875,3,,,김청택,경고하는 내용을 적은 서류장.
빈곤율,negative,-1.9375,0.5,3,,,김청택,가난하여 살기가 어려운 가구나 사람의 비율.
서러움,negative,-1.9375,-0.1875,3,,,김청택,서럽게 느껴지는 마음.
속도위반,negative,-1.9375,2.0625,4,,,김청택,교통 법규상 제한되어 있는 차량의 속도를 넘어 속력을 내는 일.
잔여물,negative,-1.9375,0.25,3,,,김청택,완전히 제거되고 소비되지 않고 남아 있는 물질이나 물건 따위.
교도소,negative,-1.939,1.367,3,,,이윤형,"행형 사무를 맡아보는 기관. 징역형이나 금고형, 노역장 유치나 구류 처분을 받은 사람, 재판 중에 있는 사람 등을 수용하는 시설이다."
압수,negative,-1.939,0.931,2,,,이윤형,"물건의 점유를 취득하는 강제 처분. 압류ㆍ영치ㆍ제출 명령이 있다.
물건 따위를 강제로 빼앗음."
짜증내다,negative,-1.94,0.88,4,5.87,4.73,민경환,마음에 탐탁하지 않아서 역정을 내다.
거부감,negative,-1.9405,0.5915,3,,,이윤형*,어떤 것에 대해 받아들이고 싶지 않거나 물리치고 싶은 느낌.
불행,negative,-1.947,0.768,2,,,이윤형,행복하지 아니한 일. 또는 그런 운수.
시달리다,negative,-1.95,0.48,4,,,고일주,괴로움이나 성가심을 당하다.
짱나다,negative,-1.95,1.29,3,,,고일주,마음에 탐탁하지 않아서 역정이 나다.
자괴감,negative,-1.954,0.394,3,,,이윤형,스스로 부끄러워하는 마음.
실업자,negative,-1.962,0.597,3,,,이윤형,경제 활동에 참여할 연령의 사람 가운데 직업이 없는 사람.
열등감,negative,-1.9655,0.9385,3,,,이윤형*,자기를 남보다 못하거나 무가치한 인간으로 낮추어 평가하는 감정.
죄의식,negative,-1.97,0.12,3,4.42,3.45,민경환,저지른 죄과나 잘못에 대하여 스스로 느끼고 깨닫는 것.
침울하다,negative,-1.97,-1.15,4,4.03,3.67,민경환,"걱정이나 근심에 잠겨서 마음이 우울하다.
날씨나 분위기가 을씨년스럽고 음산하다."
욕설,negative,-1.97,1.452,2,,,이윤형,남의 인격을 무시하는 모욕적인 말. 또는 남을 저주하는 말.
체념,negative,-1.978,-0.29,2,,,이윤형,희망을 버리고 아주 단념함.
한탄하다,negative,-1.98,1.06,4,3.74,3.78,민경환,원통하거나 뉘우치는 일이 있을 때 한숨을 쉬며 탄식하다.
거슬리다,negative,-1.98,-0.15,4,,,고일주,순순히 받아들여지지 않고 언짢은 느낌이 들며 기분이 상하다.
비난하다,negative,-1.98,0.63,4,,,고일주,남의 잘못이나 결점을 책잡아서 나쁘게 말하다.
아놔,negative,-1.98,1.02,2,,,고일주,황당하거나 어이없을 때 쓰는 말.
힘없다,negative,-1.98,-1.59,3,,,고일주,"기운이나 의욕 따위가 없다.
힘이나 권세, 위력 따위가 없다."
이혼,negative,-1.986,1.211,2,,,이윤형,부부가 합의 또는 재판에 의하여 혼인 관계를 인위적으로 소멸시키는 일.
낙담하다,negative,-1.99,-0.77,4,4.29,3.83,민경환,바라던 일이 뜻대로 되지 않아 마음이 몹시 상하다.
이별,negative,-1.993,0.846,2,,,이윤형,"서로 갈리어 떨어짐.
서로 오랫동안 만나지 못하고 떨어져 있거나 헤어짐."
적의,negative,-2.0,0.88,2,3.69,3.3,민경환,적대하는 마음. 해치려는 마음.
깡패,negative,-2.001,1.756,2,,,이윤형,폭력을 쓰면서 행패를 부리고 못된 짓을 일삼는 무리를 속되게 이르는 말.
절단,negative,-2.001,1.258,2,,,이윤형,자르거나 베어서 끊음.
무력감,negative,-2.0065,-1.3895,3,4.28,3.87,이윤형*,스스로 힘이 없음을 알았을 때 드는 허탈하고 맥 빠진 듯한 느낌.
비난,negative,-2.009,0.97,2,,,이윤형,남의 잘못이나 결점을 책잡아서 나쁘게 말함.
스트레스,negative,-2.01,0.99,4,,,고일주,"적응하기 어려운 환경이나 조건에 처할 때 느끼는 심리적, 신체적 긴장 상태."
열받다,negative,-2.01,1.8,3,,,고일주,어떤 일에 화가 나거나 흥분을 하여 몸이 달아오르다.
비린내,negative,-2.017,0.441,3,,,이윤형,"날콩이나 물고기, 동물의 피 따위에서 나는 역겹고 매스꺼운 냄새."
빈민,negative,-2.017,0.247,2,,,이윤형,살림이 어렵고 가난한 백성.
흉터,negative,-2.017,0.923,2,,,이윤형,상처가 아물고 남은 자국.
격노하다,negative,-2.02,1.89,4,3.7,3.8,민경환,몹시 분하고 노여운 감정이 북받쳐 오르다.
암울하다,negative,-2.02,-0.69,4,4.38,3.81,민경환,"어두컴컴하고 답답하다.
절망적이고 침울하다."
곰팡이,negative,-2.024,0.262,3,,,이윤형,생명 몸의 구조가 간단한 하등 균류를 통틀어 이르는 말.
진노하다,negative,-2.03,1.36,4,3.21,3.06,민경환,성을 내며 노여워하다.
침통하다,negative,-2.03,0.41,4,3.73,3.74,민경환,슬픔이나 걱정 따위로 몹시 마음이 괴롭거나 슬프다.
총소리,negative,-2.032,1.934,3,,,이윤형,총을 쏠 때에 나는 소리.
원한,negative,-2.054,1.578,2,4.36,3.72,이윤형*,억울하고 원통한 일을 당하여 응어리진 마음.
쓰나미,negative,-2.0625,1.25,3,,,김청택,지진 때문에 해저에 지각 변동이 생겨서 일어나는 해일. 해안 근처의 얕은 곳에서 파고가 급격히 높아지고 특히 좁은 만의 깊숙한 곳에 큰 피해를 준다.
출혈,negative,-2.063,1.81,2,,,이윤형,"피가 혈관 밖으로 나옴.
희생이나 손실을 비유적으로 이르는 말."
괴롭다,negative,-2.07,-0.15,3,,,민경환,몸이나 마음이 편하지 않고 고통스럽다.
낙망하다,negative,-2.07,-0.95,4,3.46,3.27,민경환,희망을 잃다.
분통,negative,-2.07,1.51,2,3.95,3.66,민경환,몹시 분하여 마음이 쓰리고 아픔. 또는 그런 마음.
소외감,negative,-2.072,-0.7615,3,4.89,3.9,이윤형*,남에게 따돌림을 당하여 멀어진 듯한 느낌.
신경질,negative,-2.076,1.407,3,5.23,4.24,이윤형*,신경이 너무 예민하거나 섬약하여 사소한 일에도 자극되어 곧잘 흥분하는 성질. 또는 그런 상태.
비참하다,negative,-2.09,0.39,4,,,민경환,더할 수 없이 슬프고 끔찍하다.
절망하다,negative,-2.09,-0.14,4,,,민경환,바라볼 것이 없게 되어 모든 희망을 끊어 버리다.
억울하다,negative,-2.1,0.41,4,,,민경환,아무 잘못 없이 꾸중을 듣거나 벌을 받거나 하여 분하고 답답하다.
거지같다,negative,-2.1,0.66,4,,,고일주,"주로 '거지같은'의 꼴로 쓰여, 남을 업신여기고 욕하는 뜻을 나타내는 말.
거칠고 교양이 없으며 난폭하다."
자기혐오,negative,-2.11,0.8,4,3.71,3.18,민경환,자기 자신을 스스로 미워하고 싫어함.
처절하다,negative,-2.11,0.35,4,4.69,3.97,민경환,몹시 처량하다.
고통,negative,-2.118,1.312,2,,,이윤형,몸이나 마음의 괴로움과 아픔.
괴성,negative,-2.118,0.908,2,,,이윤형,괴상한 소리.
징역,negative,-2.118,1.46,2,,,이윤형,죄인을 교도소에 가두어 노동을 시키는 형벌. 자유형 가운데 가장 무거운 형벌이다.
협박,negative,-2.118,1.413,2,,,이윤형,겁을 주며 압력을 가하여 남에게 억지로 어떤 일을 하도록 함.
변사체,negative,-2.125,1.4375,3,,,김청택,뜻밖의 사고로 죽은 사람의 시체.
피로감,negative,-2.125,-0.6875,3,,,김청택,정신이나 몸이 지쳐 힘든 느낌.
위선자,negative,-2.126,0.69,3,,,이윤형,겉으로만 착한 체를 하거나 거짓으로 꾸미는 사람.
울화,negative,-2.13,1.51,2,3.92,3.4,민경환,마음속이 답답하여 일어나는 화.
좌절하다,negative,-2.13,-0.3,4,5.01,3.82,민경환,"마음이나 기운이 꺾이다.
어떠한 계획이나 일 따위가 도중에 실패로 돌아가다."
저질이다,negative,-2.13,0.72,4,,,고일주,어떤 기준보다 낮은 품질.
파괴,negative,-2.133,1.172,2,,,이윤형,"때려 부수거나 깨뜨려 헐어 버림.
조직, 질서, 관계 따위를 와해하거나 무너뜨림."
원망하다,negative,-2.14,0.63,4,5.24,4.4,민경환,못마땅하게 여기어 탓하거나 불평을 품고 미워하다.
불쾌감,negative,-2.149,0.97,3,,,이윤형,못마땅하여 기분이 좋지 않은 느낌.
원통하다,negative,-2.15,1.22,4,4.15,4.05,민경환,분하고 억울하다.
분노하다,negative,-2.16,2.17,4,5.13,4.76,민경환,분개하여 몹시 성을 내다.
망했다,negative,-2.16,0.51,3,,,고일주,"개인, 가정, 단체 따위가 제 구실을 하지 못하고 끝장이 나다."
죽음,negative,-2.164,-0.01,2,,,이윤형,생물의 목숨이 끊어지는 일.
통탄하다,negative,-2.17,1.36,4,3.16,3.62,민경환,몹시 탄식하다.
에이즈,negative,-2.18,0.597,3,,,이윤형,인간 면역 결핍 바이러스에 의하여 면역 세포가 파괴됨으로써 인체의 면역 능력이 극도로 저하되어 병원체에 대하여 무방비 상태에 이르는 병.
음모,negative,-2.18,1.359,2,,,이윤형,나쁜 목적으로 몰래 흉악한 일을 꾸밈. 또는 그런 꾀.
딜레마,negative,-2.1875,1.0625,3,,,김청택,"선택해야 할 길은 두 가지 중 하나로 정해져 있는데, 그 어느 쪽을 선택해도 바람직하지 못한 결과가 나오게 되는 곤란한 상황."
암세포,negative,-2.1875,1.0,3,,,김청택,암을 이루는 세포. 분열 능력이 크며 모양이나 크기가 정상 세포와 다르다.
유행병,negative,-2.1875,1.1875,3,,,김청택,어떤 지역에 널리 퍼져 여러 사람이 잇따라 돌아가며 옮아 앓는 병. 또는 같은 원인으로 보통 병보다 많이 발생하는 병.
중압감,negative,-2.1875,1.625,3,,,김청택,강제되거나 강요된 것에 대한 부담감.
무관심,negative,-2.188,-0.834,3,,,이윤형,관심이나 흥미가 없음.
속임수,negative,-2.188,1.289,3,,,이윤형,남을 속이는 짓. 또는 그런 술수.
모욕감,negative,-2.19,1.38,3,,,고일주,모욕을 당하는 느낌.
썩을,negative,-2.19,0.96,2,,,고일주,마음에 들지 않거나 나쁜 상황.
위협하다,negative,-2.19,1.26,4,,,고일주,힘으로 으르고 협박하다.
비통하다,negative,-2.2,1.1,4,3.49,3.7,민경환,몹시 슬퍼서 마음이 아프다.
치떨리다,negative,-2.2,1.62,4,4.0,3.77,민경환,참을 수 없이 몹시 분하거나 지긋지긋하다.
혐오하다,negative,-2.2,1.57,4,5.04,4.35,민경환,싫어하고 미워하다.
감옥,negative,-2.203,0.659,2,,,이윤형,죄인을 가두어 두는 곳. 한때 형무소라고 부르다가 현재 '교도소'로 고쳤다.
시비,negative,-2.203,0.807,2,,,이윤형,"옳음과 그름.
옳고 그름을 따지는 말다툼."
암담하다,negative,-2.21,-0.67,4,4.53,4.18,민경환,"어두컴컴하고 쓸쓸하다.
희망이 없고 절망적이다."
억압,negative,-2.211,0.706,2,,,이윤형,자기의 뜻대로 자유로이 행동하지 못하도록 억지로 억누름..
원망,negative,-2.227,1.304,2,,,이윤형,못마땅하게 여기어 탓하거나 불평을 품고 미워함.
굴욕,negative,-2.23,1.28,2,4.1,3.71,민경환,남에게 억눌리어 업신여김을 받음.
증오하다,negative,-2.25,1.85,4,,,민경환,아주 사무치게 미워하다.
전쟁,negative,-2.258,1.779,2,,,이윤형,"국가와 국가, 또는 교전 단체 사이에 무력을 사용하여 싸움.
극심한 경쟁이나 혼란 또는 어떤 문제에 대한 아주 적극적인 대응을 비유적으로 이르는 말."
폭력,negative,-2.258,1.631,2,,,이윤형,"남을 거칠고 사납게 제압할 때에 쓰는, 주먹이나 발 또는 몽둥이 따위의 수단이나 힘. 넓은 뜻으로는 무기로 억누르는 힘을 이르기도 한다."
경멸하다,negative,-2.26,1.59,4,,,민경환,깔보아 업신여기다.
침울,negative,-2.266,-0.461,2,,,이윤형,마음이나 기분이 근심이나 걱정 따위로 밝지 못하고 우울함.
개떡같다,negative,-2.28,0.9,4,,,고일주,마음에 썩 달갑지 않고 하찮다.
한심하다,negative,-2.28,-0.21,4,,,고일주,정도에 너무 지나치거나 모자라서 딱하거나 기막히다.
비웃음,negative,-2.281,1.087,3,,,이윤형,흉을 보듯이 빈정거리거나 업신여기는 일. 또는 그렇게 웃는 웃음.
좌절감,negative,-2.289,0.34,3,,,이윤형,계획이나 의지 따위가 꺾여 자신감을 잃은 느낌이나 기분.
환멸,negative,-2.29,1.62,2,3.34,3.49,민경환,꿈이나 기대나 환상이 깨어짐. 또는 그때 느끼는 괴롭고도 속절없는 마음.
고문,negative,-2.297,1.476,2,,,이윤형,숨기고 있는 사실을 강제로 알아내기 위하여 육체적ㆍ정신적 고통을 주며 신문함.
식량난,negative,-2.297,1.063,3,,,이윤형,식량이 모자라서 생기는 어려움.
우울,negative,-2.297,-0.352,2,,,이윤형,"근심스럽거나 답답하여 활기가 없음.
반성과 공상이 따르는 가벼운 슬픔."
패닉,negative,-2.31,0.66,2,,,고일주,근거 없는 두려움이나 공포로 갑자기 심리적 불안 상태가 되는 현상.
구직난,negative,-2.3125,1.625,3,,,김청택,일정한 직업을 찾기 어려움. 또는 그런 상태.
뇌물죄,negative,-2.3125,0.875,3,,,김청택,뇌물을 주고받거나 알선하고 전달함으로써 성립하는 범죄.
폭로전,negative,-2.3125,1.25,3,,,김청택,상대방에 대한 알려지지 않은 나쁜 일이나 음모 따위를 사람들에게 공공연히 알리면서 벌이는 경쟁. 또는 그런 일을 경쟁적으로 공공연히 알리는 일.
테러,negative,-2.328,2.23,2,,,이윤형,"폭력을 써서 적이나 상대편을 위협하거나 공포에 빠뜨리게 하는 행위.
일반 정치적인 목적을 위하여 조직적ㆍ집단적으로 행하는 폭력 행위."
역겹다,negative,-2.33,1.13,3,,,민경환,역정이 나거나 속에 거슬리게 싫다.
구토,negative,-2.336,0.869,2,,,이윤형,먹은 음식물을 토함.
병균,negative,-2.343,0.643,2,,,이윤형,일반 병의 원인이 되는 균.
장례식,negative,-2.351,0.006,3,,,이윤형,장사를 지내는 의식.
배신감,negative,-2.3535,1.5435,3,,,이윤형*,믿음이나 의리의 저버림을 당한 느낌.
올가미,negative,-2.359,1.429,3,,,이윤형,"새끼나 노 따위로 옭아서 고를 내어 짐승을 잡는 장치.
사람이 걸려들게 만든 수단이나 술책."
절망,negative,-2.359,0.83,2,,,이윤형,바라볼 것이 없게 되어 모든 희망을 끊어 버림. 또는 그런 상태.
처참하다,negative,-2.36,0.5,4,4.55,4.34,민경환,몸서리칠 정도로 슬프고 끔찍하다.
패배감,negative,-2.37,0.2,3,4.72,3.96,민경환,싸움이나 경쟁 따위에서 자신이 없어 무력해지는 느낌. 또는 싸움이나 경쟁 따위에서 진 뒤에 느끼는 절망감이나 치욕스러운 감정.
반역자,negative,-2.374,1.771,3,,,이윤형,반역을 하거나 꾀하는 사람.
이기주의,negative,-2.375,0.5,4,,,김청택,"자기 자신의 이익만을 꾀하고, 사회 일반의 이익은 염두에 두지 않으려는 태도."
쿠데타,negative,-2.375,2.0625,3,,,김청택,군사적 힘을 동원하여 정권을 빼앗으려고 갑자기 벌이는 행동.
시체,negative,-2.382,0.861,2,,,이윤형,죽은 사람의 몸을 이르는 말.
몰락,negative,-2.398,0.884,2,,,이윤형,"재물이나 세력 따위가 쇠하여 보잘것없이 됨.
멸망하여 모조리 없어짐."
한맺히다,negative,-2.4,1.09,4,,,민경환,몹시 원망스럽고 억울하거나 안타깝고 슬퍼 가슴 속에 한을 품다.
최악,negative,-2.4,0.24,2,,,고일주,가장 심하게 나쁨.
비극,negative,-2.406,0.791,2,,,이윤형,"인생의 슬프고 애달픈 일을 당하여 불행한 경우를 이르는 말.
인생의 슬픔과 비참함을 제재로 하고 주인공의 파멸, 패배, 죽음 따위의 불행한 결말을 갖는 극 형식."
악취,negative,-2.406,0.799,2,,,이윤형,고약하고도 불쾌한 냄새.
사기꾼,negative,-2.413,1.483,3,,,이윤형,습관적으로 남을 속여 이득을 꾀하는 사람.
착취,negative,-2.413,0.884,2,,,이윤형,"계급 사회에서, 생산 수단의 소유자가 생산 수단을 갖지 않은 직접 생산자로부터 그 노동의 성과를 무상으로 취득하는 일."
도둑놈,negative,-2.429,0.9,3,,,이윤형,‘도둑’을 낮잡아 이르는 말.
박탈감,negative,-2.4375,0.8125,3,,,김청택,박탈당하였다고 여기는 느낌이나 기분.
인종주의,negative,-2.4375,1.125,4,,,김청택,"인종 사이에 유전적 우열이 있다고 하여 인종적 멸시, 박해, 차별 따위를 정당화하는 주의. 순혈주의와 인종 차별을 낳으며, 나치스의 반유대주의, 백인의 흑인 차별 따위가 전형적인 예이다."
잔혹성,negative,-2.4375,1.75,3,,,김청택,잔인하고 독한 성질.
체납액,negative,-2.4375,1.375,3,,,김청택,기한까지 내지 못하고 밀린 금액.
최루탄,negative,-2.4375,1.125,3,,,김청택,눈물샘을 자극하여 눈물을 흘리게 하는 약이나 물질을 넣은 탄환.
강도,negative,-2.444,1.094,2,,,이윤형,폭행이나 협박 따위로 남의 재물을 빼앗는 도둑. 또는 그런 행위.
재앙,negative,-2.444,1.017,2,,,이윤형,뜻하지 아니하게 생긴 불행한 변고. 또는 천재지변으로 인한 불행한 사고.
혐오감,negative,-2.476,1.304,3,,,이윤형,병적으로 싫어하고 미워하는 감정.
참담하다,negative,-2.48,-0.74,4,,,민경환,"끔찍하고 절망적이다.
몹시 슬프고 괴롭다."
노예,negative,-2.483,0.503,2,,,이윤형,"남의 소유물로 되어 부림을 당하는 사람.
인간으로서 기본적인 권리나 자유를 빼앗겨 자기 의사나 행동을 주장하지 못하고 남에게 사역되는 사람."
모욕,negative,-2.483,1.094,2,,,이윤형,깔보고 욕되게 함.
잔인하다,negative,-2.49,0.42,4,,,고일주,인정이 없고 아주 모질다.
경멸,negative,-2.499,1.227,2,,,이윤형,깔보아 업신여김.
피투성이,negative,-2.5,1.875,4,,,김청택,피가 온 군데에 낭자하게 묻은 모양.
핵폐기물,negative,-2.5,0.875,4,,,김청택,원자력을 생성하고 난 후에 버리는 찌꺼기 물질. 방사능이 남아 있어서 특별한 관리가 필요하다.
구더기,negative,-2.522,1.164,3,,,이윤형,동물 파리의 애벌레. 차차 자라 꼬리가 생기고 번데기가 되었다가 파리가 된다.
희롱,negative,-2.53,1.11,2,,,이윤형,"말이나 행동으로 실없이 놀림.
손아귀에 넣고 제멋대로 가지고 놂.
성적으로 치근거림."
공포감,negative,-2.5625,1.75,3,,,김청택,두렵고 무서운 느낌이나 기분.
교통사고,negative,-2.5625,2.125,4,,,김청택,운행 중이던 자동차나 기차 따위가 사람을 치거나 다른 교통 기관과 충돌하는 따위 교통상의 사고.
떼죽음,negative,-2.5625,1.6875,3,,,김청택,한꺼번에 모조리 죽음.
조롱,negative,-2.569,1.81,2,,,이윤형,비웃거나 깔보면서 놀림.
토나온다,negative,-2.58,1.68,4,,,고일주,(무엇이) 속이 메슥메슥하고 구역질이 날 만큼 거슬리는 듯하다.
누명,negative,-2.6,1.429,2,,,이윤형,사실이 아닌 일로 이름을 더럽히는 억울한 평판.
괴한,negative,-2.623,1.203,2,,,이윤형,거동이나 차림새가 수상한 사내.
독약,negative,-2.623,1.017,2,,,이윤형,독성을 가진 약제. 극약보다 독성이 한층 강하여 극히 적은 양으로도 사람이나 동물의 건강이나 생명을 해칠 수 있다.
상해죄,negative,-2.625,1.4375,3,,,김청택,폭행 또는 그 밖의 행위로 일부러 남의 몸에 상처를 입힘으로써 성립하는 범죄.
피범벅,negative,-2.625,1.6875,3,,,김청택,사방 여러 군데에 피가 묻어 뒤범벅이 됨.
모멸,negative,-2.66,1.62,2,3.37,3.34,민경환,업신여기고 얕잡아 봄.
증오,negative,-2.662,1.538,2,,,이윤형,아주 사무치게 미워함. 또는 그런 마음.
학대,negative,-2.678,1.188,2,,,이윤형,몹시 괴롭히거나 가혹하게 대우함. 또는 그런 대우.
바퀴벌레,negative,-2.6875,1.375,4,,,김청택,"작고 둥글납작하며 누런 갈색을 띠고, 음식물과 옷가지에 해를 끼치는 곤충."
납치,negative,-2.701,1.234,2,,,이윤형,강제 수단을 써서 억지로 데리고 감.
울화통,negative,-2.71,1.93,3,4.14,3.75,민경환,몹시 쌓이고 쌓인 마음속의 화를 속되게 이르는 말.
암살,negative,-2.717,1.157,2,,,이윤형,몰래 사람을 죽임.
범죄자,negative,-2.8125,1.0625,3,,,김청택,범죄를 저지른 사람.
자살,negative,-2.818,1.032,2,,,이윤형,스스로 자기의 목숨을 끊음.
성추행,negative,-2.875,1.9375,3,,,김청택,일방적인 성적 만족을 얻기 위하여 물리적으로 신체 접촉을 가함으로써 상대방에게 성적 수치심을 불러일으키는 행위.
살인,negative,-2.997,1.476,2,,,이윤형,사람을 죽임.
공격수,neutral,0.5,1.4375,3,,,김청택,"단체 경기에서, 공격을 기본적인 임무로 하는 선수."
스타킹,neutral,0.5,0.3125,3,,,김청택,목이 긴 여성용 양말. 나일론 따위로 만들어 얇고 신축성이 강하다.
완강기,neutral,0.5,0.375,3,,,김청택,고층 건물에서 불이 났을 때 몸에 밧줄을 매고 높은 층에서 땅으로 천천히 내려올 수 있게 만든 비상용 기구.
저염식,neutral,0.5,-1.25,3,,,김청택,소금을 적게 넣어 만든 음식.
평가전,neutral,0.5,1.0,3,,,김청택,실력의 정도를 알아보기 위하여 하는 운동 경기.
밥솥,neutral,0.488,-0.967,2,,,이윤형,밥을 짓는 솥.
뭉클하다,neutral,0.48,0.15,4,4.5,4.71,민경환,슬픔이나 노여움 따위의 감정이 북받치어 가슴이 갑자기 꽉 차는 듯하다.
간절하다,neutral,0.48,0.66,4,,,고일주,"정성이나 마음 씀씀이가 더없이 정성스럽고 지극하다.
마음속에서 우러나와 바라는 정도가 매우 절실하다."
느끼다,neutral,0.48,0.51,3,,,고일주,"감각 기관을 통하여 어떤 자극을 깨닫다.
마음속으로 어떤 감정 따위를 체험하고 맛보다.
어떤 사실, 책임, 필요성 따위를 체험하여 깨닫다."
떨리다,neutral,0.48,1.41,3,,,고일주,긴장이나 흥분 따위로 불안하게 되다.
학용품,neutral,0.48,-0.99,3,,,이윤형,"학습에 필요한 물품. 필기도구, 공책 따위를 통틀어 이른다."
열쇠,neutral,0.464,-0.889,2,,,이윤형,자물쇠를 잠그거나 여는 데 사용하는 물건.
환상,neutral,0.457,0.472,2,,,이윤형,현실적인 기초나 가능성이 없는 헛된 생각이나 공상.
연모하다,neutral,0.45,0.07,4,3.48,3.68,민경환,어떤 사람이나 존재를 사랑하여 간절히 그리워하다.
자존심,neutral,0.45,0.12,3,,,고일주,남에게 굽히지 아니하고 자신의 품위를 스스로 지키는 마음.
수저,neutral,0.449,-1.379,2,,,이윤형,"숟가락과 젓가락을 아울러 이르는 말.
'숟가락'을 달리 이르는 말."
우편,neutral,0.449,-0.904,2,,,이윤형,"정부의 관할 아래 서신이나 기타 물품을 국내나 전 세계에 보내는 업무.
우편으로 전달되는 서신이나 물품을 통틀어 이르는 말."
평상복,neutral,0.449,-1.371,3,,,이윤형,평상시에 입는 옷.
이어폰,neutral,0.441,-0.772,3,,,이윤형,"귀에 끼우거나 밀착할 수 있게 된, 전기 신호를 음향 신호로 변환하는 소형 장치."
극대화,neutral,0.4375,1.625,3,,,김청택,아주 커짐. 또는 아주 크게 함.
바꾸다,neutral,0.4375,0.9375,3,,,김청택,원래 있던 것을 없애고 다른 것으로 채워 넣거나 대신하게 하다.
법정주의,neutral,0.4375,-0.6875,4,,,김청택,법률로 규정하는 제도.
상업성,neutral,0.4375,0.25,3,,,김청택,상업으로 이윤을 얻는 것을 중요시하는 특성.
직사광선,neutral,0.4375,0.0625,4,,,김청택,정면으로 곧게 비치는 빛살.
명암,neutral,0.433,-0.788,2,,,이윤형,"밝음과 어두움을 통틀어 이르는 말.
기쁜 일과 슬픈 일 또는 행복과 불행을 통틀어 이르는 말.
회화에서, 색의 농담이나 밝기의 정도를 이르는 말."
생산품,neutral,0.433,-1.099,3,,,이윤형,생산되는 물품.
신문,neutral,0.426,-0.928,2,,,이윤형,사회에서 발생한 사건에 대한 사실이나 해설을 널리 신속하게 전달하기 위한 정기 간행물.
전화선,neutral,0.418,-0.858,3,,,이윤형,유선 전화기에 전류를 보내어 통화가 되게 하는 전선.
애틋하다,neutral,0.41,0.16,4,,,민경환,섭섭하고 안타까워 애가 타는 듯하다.
단백질,neutral,0.402,-0.64,3,,,이윤형,생명 아미노산이 펩타이드 결합을 하여 생긴 여러 개의 아미노산으로 이루어진 고분자 화합물.
마우스,neutral,0.402,-0.313,3,,,이윤형,"정보·통신 컴퓨터 입력 장치의 하나. 책상 위 따위에서 움직이면 그에 따라 화면에 나타난 커서가 움직이며, 위에 있는 버튼을 눌러 명령어를 선택하거나 프로그램을 실행한다."
돗자리,neutral,0.394,-1.153,3,,,이윤형,왕골이나 골풀의 줄기를 재료로 하여 만든 자리.
마침표,neutral,0.387,-1.566,3,,,이윤형,언어 문장 부호의 하나. '.'의 이름이다.
물통,neutral,0.387,-0.959,2,,,이윤형,"물을 담아 두는 데 쓰이는 통.
물을 길어서 옮기거나 떨어지는 물을 받기 위한 통."
안테나,neutral,0.387,-0.01,3,,,이윤형,"공중에 세워서 다른 곳에 전파를 내보내거나 다른 곳의 전파를 받아들이는, 도선으로 된 장치."
스탠드,neutral,0.379,-1.122,3,,,이윤형,책상 위에 올려놓거나 방구석 따위에 놓아서 그 부분을 밝게 하여 주는 이동식 전등.
해탈,neutral,0.379,-1.091,2,,,이윤형,"불교 번뇌의 얽매임에서 풀리고 미혹의 괴로움에서 벗어남.
얽매임에서 벗어남."
무관세,neutral,0.375,-0.0625,3,,,김청택,화물이 국경을 통과할 때 부과하는 세금이 없음.
호르몬,neutral,0.375,0.25,3,,,김청택,"동물의 내분비샘에서 분비되는 체액과 함께 체내를 순환하여, 다른 기관이나 조직의 작용을 촉진, 억제하는 물질을 통틀어 이르는 말."
만년필,neutral,0.371,-1.06,3,,,이윤형,글씨를 쓰는 펜의 하나. 펜대 속에 넣은 잉크가 펜촉으로 흘러나와 오래 쓸 수 있다.
복사기,neutral,0.371,-0.189,3,,,이윤형,"문서, 사진, 계산서 및 각종 자료나 도서를 복사하는 데 쓰는 기계."
시계,neutral,0.371,-0.99,2,,,이윤형,시각을 나타내거나 시간을 재는 기계를 통틀어 이르는 말.
그립다,neutral,0.37,-0.82,3,,,민경환,보고 싶거나 만나고 싶은 마음이 간절하다.
놀랍다,neutral,0.35,1.61,3,5.58,4.77,민경환,"감동을 일으킬 만큼 훌륭하거나 굉장하다.
갑작스러워 두렵거나 흥분 상태에 있다.
어처구니없을 만큼 괴이하다."
서커스,neutral,0.348,-0.096,3,,,이윤형,"마술이나 여러 가지 곡예, 동물의 묘기 따위를 보여 주는 흥행물. 또는 그것을 공연하는 흥행 단체."
경외하다,neutral,0.34,-0.17,4,3.94,3.91,민경환,공경하면서 두려워하다.
빗자루,neutral,0.34,-0.897,3,,,이윤형,먼지나 쓰레기를 쓸어 내는 기구.
채소,neutral,0.34,-0.92,2,,,이윤형,"밭에서 기르는 농작물. 주로 그 잎이나 줄기, 열매 따위를 식용한다."
중력,neutral,0.332,-1.153,2,,,이윤형,"지구 위의 물체가 지구로부터 받는 힘.
질량을 가지고 있는 모든 물체가 서로 잡아당기는 힘."
어머,neutral,0.33,0.93,2,,,고일주,주로 여자들이 예상하지 못한 일로 깜짝 놀라거나 끔찍한 느낌이 들었을 때 내는 소리.
도구,neutral,0.324,-0.593,2,,,이윤형,"일을 할 때 쓰는 연장을 통틀어 이르는 말.
어떤 목적을 이루기 위한 수단이나 방법."
전구,neutral,0.324,-0.834,2,,,이윤형,전류를 통하여 빛을 내는 기구.
전력,neutral,0.317,-0.072,2,,,이윤형,오로지 한 가지 일에 온 힘을 다함.
책상,neutral,0.317,-1.044,2,,,이윤형,앉아서 책을 읽거나 글을 쓰거나 사무를 보거나 할 때에 앞에 놓고 쓰는 상.
코트,neutral,0.317,-1.013,2,,,이윤형,추위나 눈비 따위를 막기 위하여 옷 위에 덧입는 겉옷.
미혼자,neutral,0.3125,0.375,3,,,김청택,아직 결혼하지 않은 사람.
스프레이,neutral,0.3125,0.0,4,,,김청택,머리를 원하는 모양으로 고정하는 데 쓰는 미용 재료.
은퇴자,neutral,0.3125,-1.125,3,,,김청택,직위에서 물러나거나 사회 활동에서 손을 떼고 한가히 지내는 사람.
청바지,neutral,0.309,0.309,3,,,이윤형,"능직으로 짠 질긴 무명으로 만든, 푸른색 바지."
서재,neutral,0.301,-1.06,2,,,이윤형,서적을 갖추어 두고 책을 읽거나 글을 쓰는 방.
옷감,neutral,0.293,-1.068,2,,,이윤형,옷을 짓는 데 쓰는 천.
흥분,neutral,0.289,2.2765,2,5.61,4.92,이윤형*,어떤 자극을 받아 감정이 북받쳐 일어남. 또는 그 감정.
모자,neutral,0.286,-0.749,2,,,이윤형,"머리에 쓰는 물건의 하나. 예의를 차리거나 추위, 더위, 먼지 따위를 막기 위한 것이다."
자판기,neutral,0.286,-0.71,3,,,이윤형,사람의 손을 빌리지 아니하고 상품을 자동적으로 파는 장치.
우수,neutral,0.28,-0.62,2,3.77,3.69,민경환,근심과 걱정을 아울러 이르는 말.
엔진,neutral,0.278,0.278,2,,,이윤형,"열에너지, 전기 에너지, 수력 에너지 따위를 기계적인 힘으로 바꾸는 장치."
후딱,neutral,0.27,0.9,2,,,고일주,"매우 날쌔게 행동하는 모양.
시간이 매우 빠르게 지나가는 모양."
방석,neutral,0.27,-1.628,2,,,이윤형,"앉을 때 밑에 까는 작은 깔개. 네모지거나 둥글며, 주로 밑이 배기거나 바닥이 찰 때 쓴다."
망원경,neutral,0.262,-0.352,3,,,이윤형,두 개 이상의 볼록 렌즈를 맞추어서 멀리 있는 물체 따위를 크고 정확하게 보도록 만든 장치.
식탁,neutral,0.262,-0.834,2,,,이윤형,음식을 차려 놓고 둘러앉아 먹게 만든 탁자.
돌계단,neutral,0.254,-1.356,3,,,이윤형,돌로 쌓아 만든 층계.
비누,neutral,0.254,-1.006,2,,,이윤형,때를 씻어 낼 때 쓰는 물건. 물에 녹으면 거품이 일며 보통 고급 지방산의 알칼리 금속염을 주성분으로 한다.
황공하다,neutral,0.25,0.57,4,3.67,3.51,민경환,위엄이나 지위 따위에 눌리어 두렵다.
빈자리,neutral,0.25,-0.4375,3,,,김청택,사람이 앉지 아니하여 비어 있는 자리.
지느러미,neutral,0.25,0.375,4,,,김청택,"물고기 또는 물에 사는 포유류가 몸의 균형을 유지하거나 헤엄치는 데 쓰는 기관. 등, 배, 가슴, 꼬리 따위에 붙어 있다."
등받이,neutral,0.247,-1.239,3,,,이윤형,의자에 앉을 때 등이 닿는 부분.
깜놀,neutral,0.24,1.35,2,,,고일주,'깜짝 놀라다'를 줄여 이르는 말.
소원하다,neutral,0.24,-0.3,4,,,고일주,강한 주장이나 표현으로 하소연하다.
거울,neutral,0.239,-0.819,2,,,이윤형,빛의 반사를 이용하여 물체의 모양을 비추어 보는 물건.
벽지,neutral,0.239,-1.2,2,,,이윤형,외따로 뚝 떨어져 있는 궁벽한 땅. 도시에서 멀리 떨어져 있어 교통이 불편하고 문화의 혜택이 적은 곳을 이른다.
입구,neutral,0.239,-0.749,2,,,이윤형,들어가는 통로.
장독대,neutral,0.239,-0.834,3,,,이윤형,장독 따위를 놓아두려고 뜰 안에 좀 높직하게 만들어 놓은 곳.
프린트,neutral,0.239,-0.889,3,,,이윤형,인쇄하거나 등사하는 일. 또는 그런 인쇄물이나 등사물.
스피커,neutral,0.231,-0.29,3,,,이윤형,소리를 크게 하여 멀리까지 들리게 하는 기구.
액자,neutral,0.231,-1.06,2,,,이윤형,"그림, 글씨, 사진 따위를 끼우는 틀."
냉장고,neutral,0.223,-0.197,3,,,이윤형,식품이나 약품 따위를 차게 하거나 부패하지 않도록 저온에서 보관하기 위한 상자 모양의 장치.
종이컵,neutral,0.223,-0.656,3,,,이윤형,"음료를 따라서 마시는 데 쓰는, 종이로 만든 일회용 컵."
전등,neutral,0.216,-0.578,2,,,이윤형,전기의 힘으로 밝은 빛을 내는 등.
망극하다,neutral,0.21,-0.3,4,,,고일주,임금이나 어버이의 은혜가 한이 없다.
후다닥,neutral,0.21,0.9,3,,,고일주,"갑자기 빠른 동작으로 뛰거나 몸을 움직이는 모양.
일을 서둘러 빨리 해치우는 모양."
그릇,neutral,0.208,-1.006,2,,,이윤형,"음식이나 물건 따위를 담는 기구를 통틀어 이르는 말.
어떤 일을 해 나갈 만한 능력이나 도량 또는 그런 능력이나 도량을 가진 사람을 비유적으로 이르는 말."
맷돌,neutral,0.208,-1.06,2,,,이윤형,곡식을 가는 데 쓰는 기구. 둥글넓적한 돌 두 짝을 포개고 윗돌 아가리에 갈 곡식을 넣으면서 손잡이를 돌려서 간다.
반색,neutral,0.2,1.367,2,,,이윤형,매우 반가워함. 또는 그런 기색.
벽시계,neutral,0.2,-1.496,3,,,이윤형,벽이나 기둥 따위에 걸게 된 시계.
전봇대,neutral,0.2,-0.967,3,,,이윤형,전선이나 통신선을 늘여 매기 위하여 세운 기둥.
스위치,neutral,0.192,-0.873,3,,,이윤형,전기·전자 전기 회로를 이었다 끊었다 하는 장치.
고평가,neutral,0.1875,0.625,3,,,김청택,사물의 가치나 수준 따위를 실제보다 높게 평가함. 또는 그런 평가.
물리학,neutral,0.1875,-0.25,3,,,김청택,"물질의 물리적 성질과 그것이 나타내는 모든 현상, 그리고 그들 사이의 관계나 법칙을 연구하는 학문. 자연 과학의 한 분야이다."
올빼미,neutral,0.1875,0.3125,3,,,김청택,"올빼밋과의 새. 등과 배는 누런빛을 띤 갈색이고 세로무늬가 있다. 눈가의 털은 방사상으로 나고 얼굴은 둥근데 귀깃이 없다. 야행성으로 한국, 일본, 아시아 동북부, 유럽 등지에 분포한다. 천연기념물 제324-1호."
밥그릇,neutral,0.184,-0.834,3,,,이윤형,"밥을 담는 그릇.
밥벌이를 위한 일자리를 속되게 이르는 말."
묘하다,neutral,0.18,-0.09,3,,,고일주,"모양이나 동작이 색다르다.
일이나 이야기의 내용 따위가 기이하여 표현하거나 규정하기 어렵다.
수완이나 재주 따위가 남달리 뛰어나거나 약빠르다."
조심하다,neutral,0.18,-1.14,4,,,고일주,잘못이나 실수가 없도록 말이나 행동에 마음을 쓰다.
제품,neutral,0.177,-0.834,2,,,이윤형,원료를 써서 물건을 만듦. 또는 그렇게 만들어 낸 물품.
기상,neutral,0.169,-0.29,2,,,이윤형,사람이 타고난 기개나 마음씨. 또는 그것이 겉으로 드러난 모양.
보자기,neutral,0.153,-0.959,3,,,이윤형,물건을 싸서 들고 다닐 수 있도록 네모지게 만든 작은 천.
오른발,neutral,0.153,-0.764,3,,,이윤형,오른쪽에 있는 발.
벌렁벌렁,neutral,0.15,1.38,4,,,고일주,약간 무겁지만 재빠르게 자꾸 움직이는 모양을 나타내는 말.
쩔다,neutral,0.15,1.35,2,,,고일주,"(속되게) 어떤 사람이나 사물, 현상 따위가 자신의 짐작이나 예상을 뛰어넘어 대단하게 나타나다."
기호,neutral,0.146,-0.733,2,,,이윤형,"어떠한 뜻을 나타내기 위하여 쓰이는 부호, 문자, 표지 따위를 통틀어 이르는 말."
슬리퍼,neutral,0.146,-0.897,3,,,이윤형,실내에서 신는 신. 뒤축이 없이 발끝만 꿰게 되어 있다.
관계없다,neutral,0.125,-0.5,4,,,김청택,서로 아무런 관련이 없다.
내외빈,neutral,0.125,-0.8125,3,,,김청택,내빈과 외빈을 아울러 이르는 말.
담벼락,neutral,0.125,-0.5625,3,,,김청택,담이나 벽 따위를 통틀어 이르는 말.
무설탕,neutral,0.125,-0.75,3,,,김청택,설탕을 첨가하지 않음. 또는 그런 것.
신앙심,neutral,0.125,-1.3125,3,,,김청택,신이나 초자연적 절대자를 믿고 따르는 마음.
지우개,neutral,0.125,-0.5,3,,,김청택,글씨나 그림 따위를 지우는 물건.
판매상,neutral,0.125,0.8125,3,,,김청택,상품 따위를 파는 장사. 또는 그런 장수.
프린터,neutral,0.125,-0.625,3,,,김청택,"인쇄하는 데 쓰는 기계. 판의 방식에 따라 볼록판ㆍ평판ㆍ오목판이 있고, 압력을 주는 방식에 따라 평압식 인쇄기ㆍ원압 인쇄기ㆍ윤전기 따위가 있다."
건물,neutral,0.122,-0.982,2,,,이윤형,"사람이 들어 살거나, 일을 하거나, 물건을 넣어 두기 위하여 지은 집을 통틀어 이르는 말."
놀라다,neutral,0.12,1.67,3,,,민경환,"뜻밖의 일이나 무서움에 가슴이 두근거리다.
뛰어나거나 신기한 것을 보고 매우 감동하다.
어처구니가 없거나 기가 막히다."
글자,neutral,0.114,-1.216,2,,,이윤형,말을 적는 일정한 체계의 부호.
형광등,neutral,0.114,-0.702,3,,,이윤형,전기·전자 진공 유리관 속에 수은과 아르곤을 넣고 안쪽 벽에 형광 물질을 바른 방전등.
격동되다,neutral,0.11,1.92,4,3.82,4.05,민경환,"정세 따위가 급격하게 움직이다.
감정 따위가 몹시 흥분되어 어떤 충동이 느껴지다."
조끼,neutral,0.107,-1.06,2,,,이윤형,"배자와 같이 생긴 것으로, 한복에는 저고리나 적삼 위에, 양복에는 셔츠 위에 덧입는, 소매가 없는 옷."
찻잔,neutral,0.107,-1.348,2,,,이윤형,차를 따라 마시는 잔. 찻종보다 높이가 낮고 아가리가 더 벌어졌다.
용품,neutral,0.099,-0.78,2,,,이윤형,일정한 용도로 사용하는 물품.
저울,neutral,0.091,-1.286,2,,,이윤형,물건의 무게를 다는 데 쓰는 기구를 통틀어 이르는 말.
책가방,neutral,0.091,-0.881,3,,,이윤형,주로 학생들이 책이나 학용품 따위를 넣어서 들거나 메고 다니는 가방.
찡하다,neutral,0.09,0.67,3,4.95,4.9,민경환,감동을 받아 가슴 따위가 뻐근해지는 느낌이 들다.
가로,neutral,0.083,-0.99,2,,,이윤형,왼쪽에서 오른쪽으로 나 있는 방향. 또는 그 길이.
신문지,neutral,0.083,-0.936,3,,,이윤형,신문 기사를 실은 종이.
포크,neutral,0.083,-0.01,2,,,이윤형,"양식에서, 고기ㆍ생선ㆍ과일 따위를 찍어 먹거나 얹어 먹는 식탁 용구."
황송하다,neutral,0.07,0.18,4,3.58,3.63,민경환,분에 넘쳐 고맙고도 송구하다.
서예,neutral,0.068,-1.527,2,,,이윤형,글씨를 붓으로 쓰는 예술.
사용료,neutral,0.0625,0.0,3,,,김청택,사용한 값으로 내는 요금.
아스팔트,neutral,0.0625,-0.625,4,,,김청택,원유에서 석유를 빼내고 남은 물질로 자갈을 섞어 길에 깐 것.
엇박자,neutral,0.0625,1.0,3,,,김청택,음이 제 박자에 오지 아니하고 어긋나게 오는 박자. 당김음을 만들거나 합주할 때 특수한 효과를 나타낸다.
바위,neutral,0.06,-1.06,2,,,이윤형,부피가 매우 큰 돌.
구슬,neutral,0.052,-0.819,2,,,이윤형,"보석이나 진주 따위로 둥글게 만든 물건. 흔히 장신구로 쓴다.
유리나 사기 따위로 둥글게 만든 놀이 기구."
사전,neutral,0.052,-1.037,2,,,이윤형,"어떤 범위 안에서 쓰이는 낱말을 모아서 일정한 순서로 배열하여 싣고 그 각각의 발음, 의미, 어원, 용법 따위를 해설한 책."
주전자,neutral,0.044,-0.866,3,,,이윤형,"물이나 술 따위를 데우거나 담아서 따르게 만든 그릇. 귀때와 손잡이가 달려 있으며, 쇠붙이나 사기로 만든다."
단추,neutral,0.037,-0.943,2,,,이윤형,"옷 따위의 두 폭이나 두 짝을 한데 붙였다 떼었다 하는 물건.
눌러서 신호나 전종 따위를 울리거나 기계를 작동하게 하는 둥근 모양의 장치."
약재,neutral,0.037,-1.068,2,,,이윤형,약을 짓는 데 쓰이는 재료.
우유,neutral,0.037,-0.842,2,,,이윤형,"소의 젖. 백색으로, 살균하여 음료로 마시며 아이스크림, 버터, 치즈 따위의 원료로도 쓴다."
아련하다,neutral,0.03,-0.89,4,4.13,4.32,민경환,똑똑히 분간하기 힘들게 아렴풋하다.
박스,neutral,0.029,-0.928,2,,,이윤형,"물건을 넣어 두기 위하여 나무, 대나무, 두꺼운 종이 같은 것으로 만든 네모난 그릇.
사방을 둘러막은 그 선의 안."
소품,neutral,0.029,-0.694,2,,,이윤형,"규모가 작은 예술 작품.
변변치 못한 물건.
실물과 같은 모양으로 정교하게 만들어진 작은 모형."
가구,neutral,0.021,-1.006,2,,,이윤형,집안 살림에 쓰는 기구. 주로 장롱ㆍ책장ㆍ탁자 따위와 같이 비교적 큰 제품을 이른다.
버튼,neutral,0.013,-0.71,2,,,이윤형,"전기·전자 전기 장치에 전류를 끊거나 이어 주거나 하며 기기를 조작하는 장치.
옷 따위의 두 폭이나 두 짝을 한데 붙였다 떼었다 하는, 옷고름이나 끈 대신으로 쓰는 물건."
표지,neutral,0.013,-0.858,2,,,이윤형,책의 맨 앞뒤의 겉장.
볼펜,neutral,0.006,-0.881,2,,,이윤형,잉크가 들어 있는 가느다란 대롱 끝에 붙은 단단하고 작은 볼이 회전하면서 잉크를 뽑아내어 글씨가 써지도록 되어 있는 필기구.
부럽다,neutral,0.0,0.37,3,,,민경환,남의 좋은 일이나 물건을 보고 자기도 그런 일을 이루거나 그런 물건을 가졌으면 하고 바라는 마음이 있다.
팍팍,neutral,0.0,0.6,2,,,고일주,"잇따라 힘 있게 내지르는 소리. 또는 그 모양.
잇따라 힘없이 거꾸러지는 소리. 또는 그 모양."
공저자,neutral,0.0,-0.125,3,,,김청택,한 책을 공동으로 지은 사람.
보고서,neutral,0.0,-0.375,3,,,김청택,보고하는 글이나 문서.
차단기,neutral,0.0,-0.4375,3,,,김청택,전류나 전자가 흐르지 못하도록 전선을 끊거나 막는 기구.
계산대,neutral,-0.002,-0.718,3,,,이윤형,은행ㆍ상점 등에서 계산하기 위하여 마련한 대.
문헌,neutral,-0.002,-1.107,2,,,이윤형,"옛날의 제도나 문물을 아는 데 증거가 되는 자료나 기록.
연구의 자료가 되는 서적이나 문서."
경탄하다,neutral,-0.01,1.35,4,3.16,3.76,민경환,몹시 놀라며 감탄하다.
도형,neutral,-0.01,-0.889,2,,,이윤형,"그림의 모양이나 형태.
수학 점, 선, 면, 체 또는 그것들의 집합을 통틀어 이르는 말. 사각형, 원, 구 따위를 이른다."
바둑,neutral,-0.018,-1.472,2,,,이윤형,체육 두 사람이 검은 돌과 흰 돌을 나누어 가지고 바둑판 위에 번갈아 하나씩 두어 가며 승부를 겨루는 놀이.
왼발,neutral,-0.018,-0.71,2,,,이윤형,왼쪽 발.
짠하다,neutral,-0.03,0.0,3,,,고일주,(사람이나 그 마음이) 어떤 일이나 행동이 후회가 되어 아프고 언짢다.
피식피식,neutral,-0.03,0.12,4,,,고일주,입술을 힘없이 터뜨리며 자꾸 싱겁게 웃을 때 나는 소리. 또는 그 모양.
계산기,neutral,-0.033,-0.858,3,,,이윤형,"여러 가지 계산을 빠르고 정확하게 하기 위하여 사용하는 기기. 수판, 계산자, 면적계, 전자계산기 따위를 통틀어 이른다."
우산,neutral,-0.033,-1.122,2,,,이윤형,비가 올 때 머리에 받쳐 비를 가리는 물건.
창호지,neutral,-0.033,-1.083,3,,,이윤형,"주로 문을 바르는 데 쓰는 얇은 종이.
빛깔이 조금 누르스름하고 줄 진 결이 또렷한 재래식 종이."
벨트,neutral,-0.041,-0.679,2,,,이윤형,"바지 따위가 흘러내리지 아니하게 옷의 허리 부분에 둘러매는 띠.
두 개의 바퀴에 걸어 동력을 전하는 띠 모양의 물건."
원고지,neutral,-0.041,-0.873,3,,,이윤형,원고를 쓰기 편리하게 만든 종이. 자수 계산이 편하도록 일정한 규격을 갖추고 있다.
구조물,neutral,-0.057,-0.842,3,,,이윤형,"일정한 설계에 따라 여러 가지 재료를 얽어서 만든 물건. 건물, 다리, 축대, 터널 따위가 있다."
선반,neutral,-0.057,-0.881,2,,,이윤형,물건을 얹어 두기 위하여 까치발을 받쳐서 벽에 달아 놓은 긴 널빤지.
재봉틀,neutral,-0.057,-0.516,3,,,이윤형,바느질을 하는 기계.
기묘하다,neutral,-0.06,-0.27,4,,,고일주,생김새 따위가 이상하고 묘하다.
대행인,neutral,-0.0625,0.3125,3,,,김청택,남을 대신하여 행하는 사람.
간판,neutral,-0.064,-0.749,2,,,이윤형,"기관, 상점, 영업소 따위에서 이름이나 판매 상품, 업종 따위를 써서 사람들의 눈에 잘 뜨이게 걸거나 붙이는 표지.
대표하여 내세울 만한 사람이나 사물을 비유적으로 이르는 말.
겉으로 내세우는 외모, 학벌, 경력, 명분 따위를 속되게 이르는 말."
고무,neutral,-0.064,0.721,2,,,이윤형,"고무나무의 껍질에서 분비하는 액체를 응고시켜 만든 생고무를 주원료로 하는 물질. 탄력성이 강하고 신축성이 좋으며 전기나 물, 가스를 통과시키지 않아 공업용품이나 생활용품으로 널리 쓰인다."
애수,neutral,-0.07,-0.31,2,3.63,3.71,민경환,마음을 서글프게 하는 슬픈 시름.
낚싯대,neutral,-0.08,-0.99,3,,,이윤형,물고기를 잡는 도구의 하나. 가늘고 긴 대에 낚싯줄을 매어 쓴다.
장화,neutral,-0.08,-0.904,2,,,이윤형,목이 길게 올라오는 신. 가죽이나 고무로 만드는데 비가 올 때나 말을 탈 때에 신는다.
빌딩,neutral,-0.088,-0.624,2,,,이윤형,내부에 많은 임대 사무실이 있는 서양식의 고층 건물.
수레,neutral,-0.088,-0.796,2,,,이윤형,바퀴를 달아서 굴러가게 만든 기구. 사람이 타거나 짐을 싣는다.
회개,neutral,-0.09,-0.42,2,3.7,3.19,민경환,잘못을 뉘우치고 고침.
그냥,neutral,-0.09,-0.42,2,,,고일주,"더 이상의 변화 없이 그 상태 그대로.
그런 모양으로 줄곧.
아무런 대가나 조건 또는 의미 따위가 없이."
게시판,neutral,-0.103,-0.376,3,,,이윤형,"여러 사람에게 알릴 내용을 내붙이거나 내걸어 두루 보게 붙이는 판.
인터넷상에서 여러 사람에게 알리는 글을 볼 수 있으면서, 자신의 글을 올릴 수도 있는 공간."
칠판,neutral,-0.103,-0.757,2,,,이윤형,검정이나 초록색 따위의 칠을 하여 그 위에 분필로 글씨를 쓰거나 그림을 그리게 만든 판.
세탁기,neutral,-0.119,0.208,3,,,이윤형,빨래하는 기계.
참다,neutral,-0.12,-0.87,2,,,고일주,"웃음, 울음, 아픔 따위를 억누르고 견디다.
충동, 감정 따위를 억누르고 다스리다.
어떤 기회나 때를 견디어 기다리다."
달팽이관,neutral,-0.125,-0.625,4,,,김청택,"포유류의 속귀에 있는 달팽이 모양의 관. 세 개의 방으로 나누어져 있으며, 각각이 림프로 가득 차 있어 가운데귀를 거쳐 온 소리의 진동을 청신경에 전달하여 준다."
두개골,neutral,-0.125,-0.4375,3,,,김청택,"척추동물의 머리를 이루는 뼈를 통틀어 이르는 말. 사람의 경우 뇌를 싸는 마루뼈, 이마뼈, 벌집뼈, 나비뼈, 뒤통수뼈, 관자뼈와 얼굴을 이루는 코뼈, 눈물뼈, 광대뼈, 위턱뼈, 아래턱뼈, 입천장뼈, 보습뼈, 코선반뼈 등이 있다."
라이벌,neutral,-0.125,1.625,3,,,김청택,같은 목적을 가졌거나 같은 분야에서 일하면서 이기거나 앞서려고 서로 겨루는 맞수.
저주파,neutral,-0.125,0.125,3,,,김청택,"주파수가 낮은 파동이나 전자기파. 음성 진동수, 즉 가청 진동수를 가리키며 무선 주파를 검사하여 알아낸 신호 진동수의 파동을 가리키기도 한다."
제초제,neutral,-0.125,-0.25,3,,,김청택,농작물을 해치지 아니하고 잡초만을 없애는 약.
짝사랑,neutral,-0.125,1.25,3,,,김청택,한쪽만 상대편을 사랑하는 일.
휴관일,neutral,-0.125,-0.75,3,,,김청택,"도서관, 미술관, 영화관 따위가 일반에 대한 공개 업무를 쉬는 날."
석탑,neutral,-0.134,-1.573,2,,,이윤형,석재를 이용하여 쌓은 탑. 동양에서는 전통적으로 층을 구분하여 쌓았다.
연민,neutral,-0.14,-0.66,2,4.48,4.39,민경환,불쌍하고 가련하게 여김.
탁자,neutral,-0.142,-0.959,2,,,이윤형,물건을 올려놓기 위하여 책상 모양으로 만든 가구를 통틀어 이르는 말.
동병상련,neutral,-0.15,-0.26,4,4.46,3.85,민경환,"같은 병을 앓는 사람끼리 서로 가엾게 여긴다는 뜻으로, 어려운 처지에 있는 사람끼리 서로 가엾게 여김을 이르는 말. ≪오월춘추≫의 <합려내전>에 나온다."
괄호,neutral,-0.15,-0.873,2,,,이윤형,"언어 문장 부호의 하나. 소괄호, 중괄호, 대괄호가 있다."
암석,neutral,-0.15,-0.842,2,,,이윤형,"지구 지각을 구성하고 있는 단단한 물질. 화성암, 퇴적암, 변성암으로 크게 나눈다."
상가,neutral,-0.166,-0.586,2,,,이윤형,상점들이 많이 늘어서 있는 거리.
증기,neutral,-0.166,-1.099,2,,,이윤형,"기체 상태로 되어 있는 물.
액체나 고체가 증발 또는 승화하여 생긴 기체."
그럭저럭,neutral,-0.18,-0.33,4,,,고일주,"충분하지는 않지만 어느 정도로.
그렇게 저렇게 하는 사이에 어느덧."
영수증,neutral,-0.181,-0.656,3,,,이윤형,돈이나 물품 따위를 받은 사실을 표시하는 증서.
단기전,neutral,-0.1875,2.0,3,,,김청택,짧은 기간 동안의 싸움이나 경기.
무관하다,neutral,-0.1875,-0.1875,4,,,김청택,관계나 상관이 없다.
외양간,neutral,-0.1875,-0.625,3,,,김청택,마소를 가두어 기르는 곳.
카지노,neutral,-0.1875,1.4375,3,,,김청택,"춤, 음악 따위의 오락 시설을 갖춘 공인 도박장. 룰렛이나 카드놀이 따위를 한다."
전선,neutral,-0.197,-0.632,2,,,이윤형,전류가 흐르는 선.
희비,neutral,-0.2,0.61,2,4.08,3.76,민경환,기쁨과 슬픔을 아울러 이르는 말.
현수막,neutral,-0.204,-0.687,3,,,이윤형,"극장 따위에 드리운 막.
선전문ㆍ구호문 따위를 적어 걸어 놓은 막."
킁킁,neutral,-0.21,0.03,2,,,고일주,콧구멍으로 숨을 세차게 띄엄띄엄 내쉬는 소리.
화들짝,neutral,-0.21,1.29,3,,,고일주,별안간 호들갑스럽게 펄쩍 뛸 듯이 놀라는 모양.
단상,neutral,-0.228,-0.764,2,,,이윤형,생각나는 대로의 단편적인 생각.
사각형,neutral,-0.236,-0.943,3,,,이윤형,"수학 네 개의 선분으로 둘러싸인 평면 도형.
네 개의 각이 있는 모양."
덤덤하다,neutral,-0.24,-1.41,4,,,민경환,"특별한 감정의 동요 없이 그저 예사롭다.
말할 자리에서 어떤 말이나 반응이 없이 조용하고 무표정하다."
견인차,neutral,-0.25,0.0,3,,,김청택,고장이 났거나 불법으로 정차하고 있는 자동차를 달아 올려서 수리 공장이나 적법한 장소로 옮기는 차. 보통 기중기를 차 뒤쪽에 장치하고 있다.
공백기,neutral,-0.25,-0.8125,3,,,김청택,특정한 활동이나 업적 따위가 없이 그냥 지내는 기간.
무심히,neutral,-0.25,-1.8125,3,,,김청택,아무런 생각이나 감정 따위가 없이.
부교수,neutral,-0.25,0.0625,3,,,김청택,"대학교수 직위의 하나. 정교수의 아래, 조교수의 위이다."
자물쇠,neutral,-0.267,-0.998,3,,,이윤형,여닫게 되어 있는 물건을 잠그는 장치.
전류,neutral,-0.267,0.146,2,,,이윤형,전기·전자 전하가 연속적으로 이동하는 현상.
연약하다,neutral,-0.27,-0.75,4,,,고일주,무르고 부드럽고 약하다.
우습다,neutral,-0.28,0.44,3,,,민경환,"못마땅하여 보기 거북하다.
대단치 아니하거나 하잘것없다."
정욕,neutral,-0.28,1.91,2,4.09,3.56,민경환,"마음속에 일어나는 여러 가지 욕구.
물건을 탐내고 집착하는 마음."
삼각형,neutral,-0.29,-0.679,3,,,이윤형,"수학 세 개의 선분으로 둘러싸인 평면 도형.
세 개의 각이 있는 모양."
뉘우치다,neutral,-0.3,-0.43,4,5.34,4.59,민경환,스스로 제 잘못을 깨닫고 마음속으로 가책을 느끼다.
원서,neutral,-0.306,-0.096,2,,,이윤형,지원하거나 청원하는 내용을 적은 서류.
실험군,neutral,-0.3125,0.3125,3,,,김청택,실험의 대상이 되는 무리.
저조도,neutral,-0.3125,-1.125,3,,,김청택,조도가 낮음. 또는 낮은 조도.
냄비,neutral,-0.313,0.2,2,,,이윤형,음식을 끓이거나 삶는 데 쓰는 용구의 하나. 보통 솥보다는 운두가 낮고 뚜껑과 손잡이가 있다.
상자,neutral,-0.329,-0.702,2,,,이윤형,물건 따위를 넣어 두기 위하여 나무나 대 또는 두꺼운 종이 등으로 만든 네모난 통.
절실하다,neutral,-0.33,0.42,4,,,고일주,"느낌이나 생각이 뼈저리게 강렬한 상태에 있다.
매우 시급하고도 긴요한 상태에 있다."
치열하다,neutral,-0.33,1.74,4,,,고일주,기세나 세력 따위가 불길같이 맹렬하다.
기류,neutral,-0.352,-0.819,2,,,이윤형,"지구 온도나 지형의 차이로 말미암아 일어나는 공기의 흐름.
어떤 일이 진행되는 추세나 분위기를 비유적으로 이르는 말."
야하다,neutral,-0.36,1.47,3,,,고일주,"성적인 호기심을 자극하는 힘이 있다.
점잖지 못하고 천하게 아리땁다."
유혹하다,neutral,-0.36,1.17,4,,,고일주,"꾀어서 정신을 혼미하게 하거나 좋지 아니한 길로 이끌다.
성적인 목적을 갖고 이성을 꾀다."
세무서,neutral,-0.36,-0.834,3,,,이윤형,국세청 산하에서 내국세에 관한 사무를 맡아보는 지방 세무 행정 관청.
회오,neutral,-0.37,0.1,2,1.7,2.35,민경환,잘못을 뉘우치고 깨달음.
감가상각,neutral,-0.375,0.125,4,,,김청택,토지를 제외한 고정 자산에 생기는 가치의 소모를 셈하는 회계상의 절차. 고정 자산 가치의 소모를 각 회계 연도에 할당하여 그 자산의 가격을 줄여 간다.
미포함,neutral,-0.375,0.125,3,,,김청택,아직 포함하지 아니함.
지문,neutral,-0.376,-1.169,2,,,이윤형,주어진 내용의 글.
석고,neutral,-0.399,-0.733,2,,,이윤형,황산 칼슘의 이수화물로 이루어진 석회질 광물.
숙연하다,neutral,-0.4,-1.06,4,3.63,3.48,민경환,고요하고 엄숙하다.
민감하다,neutral,-0.42,0.33,4,,,고일주,자극에 빠르게 반응을 보이거나 쉽게 영향을 받는 데가 있다.
격정,neutral,-0.43,1.6,2,3.72,3.83,민경환,강렬하고 갑작스러워 누르기 어려운 감정.
울음,neutral,-0.43,0.216,2,,,이윤형,우는 일. 또는 그런 소리.
초고령,neutral,-0.4375,-0.9375,3,,,김청택,늙은이로서 매우 많은 나이. 또는 그런 나이가 된 사람.
고무신,neutral,-0.438,-0.632,3,,,이윤형,탄성 고무로 만든 신.
그리움,neutral,-0.438,-0.617,3,,,이윤형,보고 싶어 애타는 마음.
담담하다,neutral,-0.47,-1.3,4,4.81,4.32,민경환,"차분하고 평온하다.
사사롭지 않고 객관적이다."
쌀쌀하다,neutral,-0.48,-0.27,4,,,고일주,춥게 느껴질 정도로 차다 정답지 않고 차다.
수축감,neutral,-0.5,0.375,3,,,김청택,근육 따위가 오그라드는 느낌.
진료비,neutral,-0.5,-0.0625,3,,,김청택,진찰받는 환자가 의사나 병원에 치르는 요금.
차단제,neutral,-0.5,-0.5,3,,,김청택,액체나 기체 따위의 흐름 또는 통로를 막거나 끊어서 통하지 못하게 하는 약제.
채권자,neutral,-0.5,0.6875,3,,,김청택,특정인에게 일정한 빚을 받아 낼 권리를 가진 사람.
대만족,positive,2.6875,0.0625,3,,,김청택,마음에 매우 흡족함.
황금기,positive,2.5625,0.875,3,,,김청택,절정에 올라 가장 좋은 시기.
행복감,positive,2.5,-0.875,3,,,김청택,생활에서 충분한 만족과 기쁨을 느끼는 마음. 또는 그런 느낌.
좋아하다,positive,2.4375,0.375,4,,,김청택,어떤 일이나 사물 따위에 대하여 좋은 느낌을 가지다.
따뜻하다,positive,2.43,-1.23,4,,,고일주,"덥지 않을 정도로 온도가 알맞게 높다.
감정, 태도, 분위기 따위가 정답고 포근하다."
기쁨,positive,2.409,0.527,2,,,이윤형,욕구가 충족되었을 때의 흐뭇하고 흡족한 마음이나 느낌.
멋있다,positive,2.375,0.4375,3,,,김청택,보기에 썩 좋거나 훌륭하다.
활약하다,positive,2.375,2.0,4,,,김청택,기운차게 뛰어다니다.
훌륭하다,positive,2.375,0.8125,4,,,김청택,썩 좋아서 나무랄 곳이 없다.
지혜롭다,positive,2.37,-1.47,4,,,고일주,사물의 이치를 빨리 깨닫고 사물을 정확하게 처리하는 정신적 능력이 있다.
사랑,positive,2.354,-0.469,2,,,이윤형,"어떤 사람이나 존재를 몹시 아끼고 귀중히 여기는 마음. 또는 그런 일.
어떤 사물이나 대상을 아끼고 소중히 여기거나 즐기는 마음. 또는 그런 일.
남을 이해하고 돕는 마음. 또는 그런 일."
산뜻하다,positive,2.34,0.18,4,,,고일주,"기분이나 느낌이 깨끗하고 시원하다.
보기에 시원스럽고 말쑥하다."
존경하다,positive,2.34,-1.35,4,,,고일주,"남의 인격, 사상, 행위 따위를 받들어 공경하다."
대성공,positive,2.331,1.6,3,,,이윤형,크게 성공함. 또는 그런 성공.
최우수,positive,2.3125,0.5,3,,,김청택,여럿 가운데 가장 뛰어남.
아름답다,positive,2.31,0.24,4,,,고일주,"보이는 대상이나 음향, 목소리 따위가 균형과 조화를 이루어 눈과 귀에 즐거움과 만족을 줄 만하다.
하는 일이나 마음씨 따위가 훌륭하고 갸륵한 데가 있다."
향기롭다,positive,2.31,-0.03,4,,,고일주,꽃이나 향 따위에서 나는 것과 같은 좋은 향기가 있다.
힘내다,positive,2.31,-0.3,3,,,고일주,어떤 일이 잘 마무리되거나 어떤 상황이 더 나아질 수 있도록 더욱 마음과 힘을 다하다.
강추,positive,2.25,1.44,2,,,고일주,강력하게 추천함.
귀엽다,positive,2.25,0.24,3,,,고일주,예쁘고 곱거나 또는 애교가 있어서 사랑스럽다.
아싸,positive,2.25,2.07,2,,,고일주,뜻밖에 기쁜 일이 생겼거나 원하는 일을 이루었을 때 내는 말.
아자아자,positive,2.25,0.93,4,,,고일주,스스로를 혹은 다른 사람을 응원하고 격려할 때 하는 말. 아자를 더 강조하여 이르는 말.
최고,positive,2.25,0.6,2,,,고일주,"가장 높음.
으뜸인 것. 또는 으뜸이 될 만한 것."
화이팅,positive,2.25,1.08,3,,,고일주,"운동 경기에서, 선수들끼리 잘 싸우자는 뜻으로 외치는 소리. 또는 응원하는 사람이 선수에게 잘 싸우라는 뜻으로 외치는 소리."
신기록,positive,2.25,1.8125,3,,,김청택,기존의 기록보다 뛰어난 새로운 기록.
참신성,positive,2.25,1.5625,3,,,김청택,새롭고 산뜻한 특성.
포용력,positive,2.25,-1.375,3,,,김청택,남을 너그럽게 감싸 주거나 받아들이는 힘.
우정,positive,2.246,-1.348,2,,,이윤형,친구 사이의 정.
상쾌,positive,2.23,-0.694,2,,,이윤형,썩 시원하고 유쾌함.
감사하다,positive,2.22,-0.51,4,,,고일주,"고맙게 여기다.
고마운 마음이 있다."
예쁘다,positive,2.22,0.57,3,,,고일주,"생긴 모양이 아름다워 눈으로 보기에 좋다.
행동이나 동작이 보기에 사랑스럽거나 귀엽다.
아이가 말을 잘 듣거나 행동이 발라서 흐뭇하다."
포근하다,positive,2.22,-1.35,4,,,고일주,"도톰한 물건이나 자리 따위가 보드랍고 따뜻하다.
감정이나 분위기 따위가 보드랍고 따뜻하여 편안한 느낌이 있다.
겨울 날씨가 바람이 없고 따뜻하다."
감사,positive,2.191,-1.387,2,,,이윤형,"고마움을 나타내는 인사.
고맙게 여김. 또는 그런 마음."
든든하다,positive,2.19,-0.6,4,,,고일주,어떤 것에 대한 믿음으로 마음이 허전하거나 두렵지 않고 굳세다. 믿음직할 정도로 알차고 실하다.
은혜롭다,positive,2.19,-0.93,4,,,고일주,고맙게 베풀어 주는 신세나 혜택이 있다.
풍성하다,positive,2.19,-0.09,4,,,고일주,(무엇이) 넉넉하고 많다.
기념사진,positive,2.1875,-0.25,4,,,김청택,어떤 일에 대하여 오래도록 잊지 아니하고 간직하기 위하여 찍는 사진.
행복하다,positive,2.16,0.7,4,,,민경환,생활에서 충분한 만족과 기쁨을 느끼어 흐뭇하다.
웃음,positive,2.152,-0.5,2,,,이윤형,웃는 일. 또는 그런 소리나 표정.
낙원,positive,2.137,-1.783,2,,,이윤형,"아무런 괴로움이나 고통이 없이 안락하게 살 수 있는 즐거운 곳.
고난과 슬픔 따위를 느낄 수 없는 곳이라는 뜻에서, 죽은 뒤의 세계를 비유적으로 이르는 말."
멋지다,positive,2.13,0.48,3,,,고일주,"보기에 썩 좋다.
썩 훌륭하다."
브라보,positive,2.13,1.8,3,,,고일주,"'잘한다', '좋다', '신난다' 따위의 뜻으로 외치는 소리."
순수하다,positive,2.13,-0.96,4,,,고일주,"전혀 다른 것의 섞임이 없다.
사사로운 욕심이나 못된 생각이 없다."
축하하다,positive,2.13,0.96,4,,,고일주,남의 좋은 일을 기뻐하고 즐거워한다는 뜻으로 인사하다.
해맑다,positive,2.13,0.33,3,,,고일주,사람의 모습이나 자연의 대상 따위에 잡스러운 것이 섞이지 않아 티 없이 깨끗하다.
친구,positive,2.129,-1.48,2,,,이윤형,"가깝게 오래 사귄 사람.
나이가 비슷하거나 아래인 사람을 낮추거나 친근하게 이르는 말."
개방감,positive,2.125,-0.75,3,,,김청택,공간이 개방된 느낌.
협동심,positive,2.125,0.75,3,,,김청택,서로 마음과 힘을 하나로 합하려는 마음.
효율화,positive,2.125,0.875,3,,,김청택,들인 노력에 비하여 얻는 결과가 크게 됨. 또는 그렇게 만듦.
긍정,positive,2.121,-0.803,2,,,이윤형,그러하다고 생각하여 옳다고 인정함.
평화,positive,2.113,-2.04,2,,,이윤형,"평온하고 화목함.
전쟁, 분쟁 또는 일체의 갈등이 없이 평온함. 또는 그런 상태."
덩실덩실,positive,2.1,1.35,4,,,고일주,신이 나서 팔다리를 흥겹게 자꾸 놀리며 춤을 추는 모양.
친근하다,positive,2.1,-0.51,4,,,고일주,"사귀어 지내는 사이가 아주 가깝다.
친하여 익숙하고 허물이 없다."
모성애,positive,2.098,-1.822,3,,,이윤형,자식에 대한 어머니의 본능적인 사랑.
생명력,positive,2.098,-1.099,3,,,이윤형,"생물체가 생명을 유지하여 나가는 힘.
사물이나 현상의 본질적 기능을 유지하여 나가는 힘."
자유,positive,2.082,-1.006,2,,,이윤형,외부적인 구속이나 무엇에 얽매이지 아니하고 자기 마음대로 할 수 있는 상태.
소중하다,positive,2.07,-1.08,4,,,고일주,지니고 있는 가치나 의미가 중요하여 매우 귀하다.
휴식,positive,2.067,-2.437,2,,,이윤형,하던 일을 멈추고 잠깐 쉼.
가을날,positive,2.0625,-0.375,3,,,김청택,가을철의 날. 또는 그날의 날씨.
깔끔하다,positive,2.0625,-1.0625,4,,,김청택,생김새 따위가 매끈하고 깨끗하다.
뛰어나다,positive,2.0625,1.4375,4,,,김청택,남보다 월등히 훌륭하거나 앞서 있다.
코미디,positive,2.0625,1.3125,3,,,김청택,재미있고 웃기는 내용의 연극이나 드라마.
친절,positive,2.062,-1.249,2,,,이윤형*,대하는 태도가 매우 정겹고 고분고분함. 또는 그런 태도.
치유,positive,2.051,-1.791,2,,,이윤형,치료하여 병을 낫게 함.
빵터지다,positive,2.04,1.95,4,,,고일주,갑자기 웃음이 터지다.
여유있다,positive,2.04,-1.5,4,,,고일주,"물질적ㆍ공간적ㆍ시간적으로 넉넉하다.
느긋하고 차분하게 생각하거나 행동하다. 또는 대범하고 너그럽게 일을 처리하다."
으쌰으쌰,positive,2.04,0.87,4,,,고일주,힘을 합하여 어떤 일을 추진하고자 할 때 기운을 돋우기 위하여 내지르는 소리.
힘차다,positive,2.04,0.45,3,,,고일주,힘이 있고 씩씩하다.
칭찬,positive,2.028,0.581,2,,,이윤형,좋은 점이나 착하고 훌륭한 일을 높이 평가함. 또는 그런 말.
행운,positive,2.02,-1.021,2,,,이윤형,좋은 운수. 또는 행복한 운수.
존경,positive,2.012,-1.558,2,,,이윤형,"남의 인격, 사상, 행위 따위를 받들어 공경함."
즐거움,positive,2.012,0.573,3,,,이윤형,즐거운 느낌이나 마음.
축하,positive,2.012,-0.438,2,,,이윤형,남의 좋은 일을 기뻐하고 즐거워한다는 뜻으로 인사함. 또는 그런 인사.
소망하다,positive,2.01,-0.72,4,,,고일주,어떤 일을 바라다. 간곡하게 바라다.
싱그럽다,positive,2.01,-0.21,4,,,고일주,싱싱하고 맑은 향기가 있다. 또는 그런 분위기가 있다.
기적,positive,2.004,0.667,2,,,이윤형,"상식으로는 생각할 수 없는 기이한 일.
신에 의하여 행해졌다고 믿어지는 불가사의한 현상."
축복,positive,2.004,-0.228,2,,,이윤형,행복을 빎. 또는 그 행복.
비흡연,positive,2.0,-1.25,3,,,김청택,담배를 피우지 아니함.
아이디어,positive,2.0,1.6875,4,,,김청택,새롭고 기발한 생각.
자신감,positive,2.0,1.5625,3,,,김청택,자신이 있다는 느낌.
상쾌하다,positive,1.99,1.16,4,5.85,5.5,민경환,느낌이 시원하고 산뜻하다.
성취,positive,1.989,-0.539,2,,,이윤형,목적한 바를 이룸.
신나다,positive,1.96,1.89,3,5.76,5.8,민경환,어떤 일에 흥미나 열성이 생겨 기분이 매우 좋아지다.
여행,positive,1.958,0.744,2,,,이윤형,일이나 유람을 목적으로 다른 고장이나 외국에 가는 일.
평온,positive,1.958,-2.094,2,,,이윤형,조용하고 평안함.
진솔하다,positive,1.95,-1.32,4,,,고일주,진실하고 솔직하다.
희망하다,positive,1.95,-0.24,4,,,고일주,어떤 일을 이루거나 하기를 바라다.
우승,positive,1.95,1.561,2,,,이윤형,"경기, 경주 따위에서 이겨 첫째를 차지함. 또는 첫째 등위."
기쁘다,positive,1.94,1.56,3,,,민경환,욕구가 충족되어 마음이 흐뭇하고 흡족하다.
가을바람,positive,1.9375,-1.3125,4,,,김청택,가을에 부는 선선하고 서늘한 바람.
대견하다,positive,1.9375,-0.5,4,,,김청택,흐뭇하고 자랑스럽다.
로맨스,positive,1.9375,1.0,3,,,김청택,남녀 사이의 사랑 이야기. 또는 연애 사건.
입맞춤,positive,1.9375,0.75,3,,,김청택,성애의 표현으로 상대의 입에 자기 입을 맞춤.
경이롭다,positive,1.92,0.99,4,,,고일주,놀랍고 신기한 데가 있다.
관심있다,positive,1.92,0.24,4,,,고일주,어떤 것에 마음이 끌려 주의를 기울임. 또는 그런 마음이나 주의를 두다.
두근두근,positive,1.92,1.44,4,,,고일주,몹시 놀라거나 불안하여 자꾸 가슴이 뛰는 소리. 또는 그 모양.
섬세하다,positive,1.92,-1.41,4,,,고일주,"곱고 가늘다.
매우 찬찬하고 세밀하다."
진실되다,positive,1.92,-0.99,4,,,고일주,거짓이 없이 바르고 참되다. (=참되다).
활발하다,positive,1.92,0.63,4,,,고일주,생기 있고 힘차며 시원스럽다.
아기,positive,1.911,-1.34,2,,,이윤형,"어린 젖먹이 아이.
나이가 많지 않은 딸이나 며느리를 정답게 이르는 말.
짐승의 작은 새끼나 어린 식물을 귀엽게 이르는 말."
천국,positive,1.911,-1.457,2,,,이윤형,"하느님이나 신불이 있다는 이상 세계.
어떤 제약도 받지 아니하는 자유롭고 편안한 곳. 또는 그런 상황."
반갑다,positive,1.91,1.29,3,,,민경환,그리워하던 사람을 만나거나 원하는 일이 이루어져서 마음이 즐겁고 기쁘다.
만족,positive,1.903,-1.379,2,,,이윤형,"마음에 흡족함.
모자람이 없이 충분하고 넉넉함."
성취감,positive,1.899,0.438,3,5.0,4.52,이윤형*,목적한 바를 이루었다는 느낌.
즐겁다,positive,1.89,1.54,3,,,민경환,마음에 거슬림이 없이 흐뭇하고 기쁘다.
대단하다,positive,1.89,0.3,4,,,고일주,"몹시 크거나 많다.
출중하게 뛰어나다."
부드럽다,positive,1.89,-1.02,4,,,고일주,성질이나 태도가 억세지 아니하고 매우 따뜻하다.
순이익,positive,1.888,-0.951,3,,,이윤형,"총이익에서 영업비, 잡비 따위의 총비용을 빼고 남은 순전한 이익."
고화질,positive,1.875,0.6875,3,,,김청택,미세한 것도 잘 보일 정도로 텔레비전이나 카메라 등의 화면이 매우 선명한 것.
대역전승,positive,1.875,2.0,4,,,김청택,크게 지고 있는 팀이 형세를 뒤집어서 이김. 또는 그런 승리.
대형견,positive,1.875,-0.125,3,,,김청택,"몸집의 크기가 큰 개. 진돗개, 레트리버 따위가 있다."
수호신,positive,1.875,-0.1875,3,,,김청택,"국가, 민족, 개인 등을 지키고 보호하여 주는 신."
승리자,positive,1.875,1.5,3,,,김청택,싸움이나 경기 따위에서 이긴 사람. 또는 그런 단체.
앙코르,positive,1.875,1.75,3,,,김청택,출연자의 훌륭한 솜씨를 찬양하여 박수 따위로 재연을 청하는 일.
연하장,positive,1.875,-0.3125,3,,,김청택,새해를 축하하기 위하여 간단한 글이나 그림을 담아 보내는 서장.
창의력,positive,1.875,1.5,3,,,김청택,새로운 것을 생각해 내는 능력.
승리,positive,1.872,1.312,2,,,이윤형,겨루거나 싸워서 이김.
신뢰,positive,1.872,-1.628,2,,,이윤형,굳게 믿고 의지함.
감격,positive,1.864,0.659,2,,,이윤형,"마음에 깊이 느끼어 크게 감동함. 또는 그 감동.
고마움을 깊이 느낌."
경쾌하다,positive,1.85,1.28,4,5.35,5.08,민경환,"움직임이나 모습, 기분 따위가 가볍고 상쾌하다."
호강,positive,1.849,-1.41,2,,,이윤형,호화롭고 편안한 삶을 누림. 또는 그런 생활.
격려,positive,1.841,0.099,2,,,이윤형,용기나 의욕이 솟아나도록 북돋워 줌.
성공,positive,1.841,0.216,2,,,이윤형,목적하는 바를 이룸.
매력,positive,1.833,0.107,2,,,이윤형,사람의 마음을 사로잡아 끄는 힘.
믿음,positive,1.833,-1.993,2,,,이윤형,"어떤 사실이나 사람을 믿는 마음. 또는 그렇다고 여기는 바.
신과 같은 성스러운 존재를 신뢰하고 복종함. 또는 그러한 종교."
천사,positive,1.833,-0.306,2,,,이윤형,"여호와와 인간의 중개자 역할을 하는 사자.
선량하고 어진 사람을 비유적으로 이르는 말."
자유롭다,positive,1.83,-0.3,4,,,고일주,구속이나 속박 따위가 없이 제 마음대로 할 수 있다.
확신하다,positive,1.83,-0.12,4,,,고일주,굳게 믿다.
별빛,positive,1.826,-1.566,2,,,이윤형,별의 반짝이는 빛.
쾌거,positive,1.826,1.538,2,,,이윤형,가슴이 후련할 만큼 통쾌하고 장한 행위.
황홀,positive,1.826,0.853,2,,,이윤형,"아름다운 사물 따위에 매혹되어 마음이 달뜨고 몽롱함.
눈이 부셔 어른어른할 정도로 빛나거나 화려함."
생일날,positive,1.818,-0.516,3,,,이윤형,생일이 되는 날.
개척자,positive,1.8125,1.8125,3,,,김청택,거친 땅을 일구어 쓸모 있는 땅으로 만드는 사람.
멋쟁이,positive,1.8125,1.125,3,,,김청택,멋있거나 멋을 잘 부리는 사람.
멜로디,positive,1.8125,-0.125,3,,,김청택,음의 높낮이의 변화가 리듬과 연결되어 하나의 음악적 통합으로 형성되는 음의 흐름. 또는 음향의 형태.
자긍심,positive,1.81,-1.394,3,,,이윤형,스스로에게 긍지를 가지는 마음.
솔직하다,positive,1.8,-0.69,4,,,고일주,거짓이나 숨김이 없이 바르고 곧다.
아하,positive,1.8,0.99,2,,,고일주,미처 생각하지 못한 것을 깨달았을 때 가볍게 내는 소리.
진심,positive,1.8,-0.78,2,,,고일주,"거짓이 없는 참된 마음.
참되고 변하지 않는 마음의 본체."
화사하다,positive,1.8,0.66,4,,,고일주,화려하게 곱다. 두드러지게 곱고 밝다.
화합,positive,1.794,-1.869,2,,,이윤형,화목하게 어울림.
통쾌하다,positive,1.79,1.71,4,,,민경환,아주 즐겁고 시원하여 유쾌하다.
환상적,positive,1.787,0.55,3,,,이윤형,생각 따위가 현실적인 기초나 가능성이 없고 헛된.
활력소,positive,1.771,0.254,3,,,이윤형,살아 있는 힘의 원천. 활동하는 힘이 되는 본바탕.
흡족하다,positive,1.77,0.14,4,4.9,4.9,민경환,조금도 모자람이 없을 정도로 넉넉하여 만족하다.
살랑살랑,positive,1.77,0.51,4,,,고일주,"조금 사늘한 바람이 가볍게 자꾸 부는 모양.
팔이나 꼬리 따위를 가볍게 자꾸 흔드는 모양."
대자연,positive,1.763,-1.231,3,,,이윤형,"넓고 큰, 위대한 자연."
안락,positive,1.763,-2.211,2,,,이윤형,몸과 마음이 편안하고 즐거움.
애인,positive,1.763,0.161,2,,,이윤형,서로 애정을 나누며 마음속 깊이 사랑하는 사람. 또는 몹시 그리며 사랑하는 사람.
호감,positive,1.761,0.261,2,5.31,5.62,이윤형*,좋게 여기는 감정.
낭만,positive,1.756,-0.764,2,,,이윤형,"현실에 매이지 않고 감상적이고 이상적으로 사물을 대하는 태도나 심리. 또는 그런 분위기.
감미롭고 감상적인 분위기."
뿌듯하다,positive,1.75,0.63,4,,,민경환,기쁨이나 감격이 마음에 가득 차서 벅차다.
살맛나다,positive,1.75,1.16,4,4.92,4.61,민경환,세상을 살아가는 재미를 느끼다.
교육권,positive,1.75,-0.625,3,,,김청택,교육을 받을 권리. 능력에 따라 균등한 교육을 받을 권리를 이른다.
기부금,positive,1.75,-0.625,3,,,김청택,자선 사업이나 공공사업을 돕기 위하여 대가 없이 내놓은 돈.
대히트,positive,1.75,1.8125,3,,,김청택,세상에 내놓거나 발표한 것이 매우 큰 인기를 얻음.
몰입력,positive,1.75,0.875,3,,,김청택,깊이 파고들거나 빠질 수 있는 힘.
호평,positive,1.748,-1.006,2,,,이윤형,좋게 평함. 또는 그런 평판이나 평가.
달달하다,positive,1.74,0.45,4,,,고일주,꿀이나 설탕의 맛과 같이 달다.
시원하다,positive,1.74,0.36,4,,,고일주,"음식이 차고 산뜻하거나, 뜨거우면서 속을 후련하게 하는 점이 있다.
막힌 데가 없이 활짝 트이어 마음이 후련하다."
웃기다,positive,1.74,0.75,3,,,고일주,기쁘거나 만족스럽거나 우습게 하여 얼굴을 활짝 펴거나 소리를 내게 하다.
보배,positive,1.74,-1.068,2,,,이윤형,"아주 귀하고 소중한 물건.
아주 귀하고 소중하며 꼭 필요한 사람이나 물건 따위를 비유적으로 이르는 말."
여유,positive,1.74,-2.157,2,,,이윤형,"물질적ㆍ공간적ㆍ시간적으로 넉넉하여 남음이 있는 상태.
느긋하고 차분하게 생각하거나 행동하는 마음의 상태. 또는 대범하고 너그럽게 일을 처리하는 마음의 상태."
환희,positive,1.738,1.177,2,4.7,4.5,이윤형*,매우 기뻐함. 또는 큰 기쁨.
경이,positive,1.732,0.744,2,,,이윤형,놀랍고 신기하게 여김. 또는 그럴 만한 일.
재미있다,positive,1.72,0.79,4,,,민경환,아기자기하게 즐겁고 유쾌한 기분이나 느낌이 있다.
황홀하다,positive,1.72,1.14,4,,,민경환,눈이 부시어 어릿어릿할 정도로 찬란하거나 화려하다.
흥겹다,positive,1.72,1.5,3,5.09,5.52,민경환,매우 흥이 나서 즐겁다.
대박,positive,1.71,1.5,2,,,고일주,어떤 일이 크게 이루어짐을 비유적으로 이르는 말.
감탄,positive,1.709,0.978,2,,,이윤형,마음속 깊이 느끼어 탄복함.
교감,positive,1.709,-1.223,2,,,이윤형,"서로 접촉하여 따라 움직이는 느낌.
최면술을 쓰는 사람이 상대편에게 최면을 걸어 의식을 지배하는 관계."
정감,positive,1.6965,-0.9615,2,4.31,4.97,이윤형*,사람의 마음에 호소를 해 오는 듯한 느낌.
감동,positive,1.693,-0.088,2,,,이윤형,크게 느끼어 마음이 움직임.
노래,positive,1.693,-0.726,2,,,이윤형,가사에 곡조를 붙여 목소리로 부를 수 있게 만든 음악. 또는 그 음악을 목소리로 부름.
보람차다,positive,1.69,0.66,4,,,민경환,어떤 일을 한 뒤에 결과가 몹시 좋아서 자랑스러움과 자부심을 갖게 할 만큼 만족스럽다.
기술력,positive,1.6875,0.25,3,,,김청택,인간에게 유용한 것을 개발하거나 처리하고 문제를 해결하는 능력.
깔끔이,positive,1.6875,-0.75,3,,,김청택,모양새나 솜씨가 깨끗하고 매끈한 사람을 이르는 말.
자존감,positive,1.6875,-0.4375,3,,,김청택,스스로 자기를 소중히 대하며 품위를 지키려는 감정.
깨달음,positive,1.686,-0.951,3,,,이윤형,생각하고 궁리하다 알게 되는 것.
진리,positive,1.686,-1.223,2,,,이윤형,"참된 이치. 또는 참된 도리.
언제 어디서나 누구든지 승인할 수 있는 보편적인 법칙이나 사실."
싱싱하다,positive,1.68,0.36,4,,,고일주,"시들거나 상하지 아니하고 생기가 있다.
힘이나 기운 따위가 왕성하다."
용서하다,positive,1.68,-1.47,4,,,고일주,지은 죄나 잘못한 일에 대하여 꾸짖거나 벌하지 아니하고 덮어 주다.
으하하,positive,1.68,1.41,3,,,고일주,입을 크게 벌리며 거리낌 없이 크게 웃는 소리. 또는 그 모양.
이끌리다,positive,1.68,0.66,4,,,고일주,"목적하는 곳으로 가는 사람을 따라가게 되다.
관심 따위가 쏠리게 되다."
정열,positive,1.678,0.068,2,,,이윤형,가슴속에서 맹렬하게 일어나는 적극적인 감정.
뽀뽀,positive,1.67,0.34,2,,,이윤형,볼이나 입술 따위에 입을 맞춤. 또는 그 일. 주로 어린아이에게 많이 쓴다.
희망,positive,1.662,0.146,2,,,이윤형,"어떤 일을 이루거나 하기를 바람.
앞으로 잘될 수 있는 가능성."
보람,positive,1.654,-1.208,2,,,이윤형,어떤 일을 한 뒤에 얻어지는 좋은 결과나 만족감. 또는 자랑스러움이나 자부심을 갖게 해 주는 일의 가치.
기대하다,positive,1.65,0.81,4,,,고일주,어떤 일이 원하는 대로 이루어지기를 바라면서 기다리다.
다행이다,positive,1.65,-0.39,4,,,고일주,뜻밖에 일이 잘되어 운이 좋다.
공감,positive,1.647,-1.604,2,,,이윤형,"남의 감정, 의견, 주장 따위에 대하여 자기도 그렇다고 느낌. 또는 그렇게 느끼는 기분."
안도,positive,1.647,-2.157,2,,,이윤형,"사는 곳에서 평안히 지냄. 또는 그런 곳.
어떤 일이 잘 진행되어 마음을 놓음."
만족하다,positive,1.64,-0.02,4,,,민경환,"흡족하게 여기다.
마음에 흡족하다.
모자람이 없이 충분하고 넉넉하다."
평안하다,positive,1.63,-1.94,4,4.78,4.8,민경환,걱정이나 탈이 없다. 또는 무사히 잘 있다.
최고점,positive,1.625,1.5625,3,,,김청택,가장 높은 점이나 점수.
애정,positive,1.6245,-0.2495,2,5.46,4.61,이윤형*,"사랑하는 마음.
남녀 간에 서로 그리워하는 마음. 또는 그런 일."
선물,positive,1.623,0.122,2,,,이윤형,남에게 어떤 물건 따위를 선사함. 또는 그 물건.
승진,positive,1.623,-0.414,2,,,이윤형,직위의 등급이나 계급이 오름.
안정,positive,1.623,-2.864,2,,,이윤형,바뀌어 달라지지 아니하고 일정한 상태를 유지함.
평화롭다,positive,1.62,-1.76,4,,,민경환,평온하고 화목하다.
보고싶다,positive,1.62,-0.48,4,,,고일주,누군가를 만나고자 하는 마음이 있다.
생생하다,positive,1.62,1.08,4,,,고일주,"시들거나 상하지 아니하고 생기가 있다.
힘이나 기운 따위가 왕성하다.
빛깔 따위가 맑고 산뜻하다."
쿨하다,positive,1.62,-0.54,3,,,고일주,꾸물거리거나 답답하지 않고 거슬리는 것 없이 시원시원하다.
상큼하다,positive,1.61,0.32,4,,,민경환,보기에 시원스럽고 좋다.
신명나다,positive,1.61,1.36,4,4.15,4.7,민경환,저절로 일어나는 흥겨운 기분과 멋이 생기다.
쾌감,positive,1.6095,1.409,2,5.15,5.31,이윤형*,상쾌하고 즐거운 느낌.
데이트,positive,1.608,0.426,3,,,이윤형,이성끼리 교제를 위하여 만나는 일. 또는 그렇게 하기로 한 약속.
도움,positive,1.608,-1.581,2,,,이윤형,어떤 일이 잘되도록 거들거나 보탬을 주는 일.
챔피언,positive,1.608,1.133,3,,,이윤형,"운동 종목 따위에서, 선수권을 보유하고 있는 사람.
기술 따위에서, 실력이 가장 뛰어난 사람."
폭소,positive,1.608,0.293,2,,,이윤형,웃음이 갑자기 세차게 터져 나옴. 또는 그 웃음.
공기,positive,1.6,-1.846,2,,,이윤형,"지구를 둘러싼 대기의 하층부를 구성하는 무색, 무취의 투명한 기체.
그 자리에 감도는 기분이나 분위기."
열정,positive,1.598,1.421,2,5.18,4.79,이윤형*,어떤 일에 열렬한 애정을 가지고 열중하는 마음.
세심하다,positive,1.59,-1.59,4,,,고일주,작은 일에도 꼼꼼하게 주의를 기울여 빈틈이 없다.
오올,positive,1.59,0.57,2,,,고일주,"뭔가 좋은 일이 생겼거나, 훈훈한 광경을 목격했을 때 내뱉는 일종의 감탄사."
풍요,positive,1.584,-1.169,2,,,이윤형,매우 많아 넉넉함.
활동력,positive,1.584,1.157,3,,,이윤형,몸을 움직여 행동하거나 어떤 일의 성과를 거두기 위하여 힘쓰는 힘이나 능력.
유쾌하다,positive,1.58,1.37,4,,,민경환,즐겁고 상쾌하다.
구원,positive,1.577,-1.208,2,,,이윤형,어려움이나 위험에 빠진 사람을 구하여 줌.
즐기다,positive,1.57,1.14,3,5.93,4.72,민경환,"즐겁게 누리거나 맛보다.
무엇을 좋아하여 자주 하다."
장려금,positive,1.5625,0.0625,3,,,김청택,어떤 특정한 일을 장려하는 뜻으로 보조하여 주는 돈.
달성,positive,1.561,0.472,2,,,이윤형,목적한 것을 이룸.
햇살,positive,1.561,-1.752,2,,,이윤형,해에서 나오는 빛의 줄기. 또는 그 기운.
정겹다,positive,1.56,0.02,3,,,민경환,정이 넘칠 정도로 매우 다정하다.
흥미롭다,positive,1.56,0.76,4,5.82,5.05,민경환,흥을 느끼는 재미가 있다.
재능,positive,1.553,-0.391,2,,,이윤형,어떤 일을 하는 데 필요한 재주와 능력. 개인이 타고난 능력과 훈련에 의하여 획득된 능력을 아울러 이른다.
수익금,positive,1.546,-1.099,3,,,이윤형,이익으로 들어오는 돈.
감명,positive,1.545,-0.0855,2,4.24,4.06,이윤형*,감격하여 마음에 깊이 새김. 또는 그 새겨진 느낌.
감미롭다,positive,1.54,-0.07,4,4.88,4.93,민경환,정서적으로 아름답고 달콤한 느낌이 있다.
좋다,positive,1.54,1.13,2,,,민경환,"대상의 성질이나 내용 따위가 보통 이상의 수준이어서 만족할 만하다.
성품이나 인격 따위가 원만하거나 선하다.
말씨나 태도 따위가 상대의 기분을 언짢게 하지 아니할 만큼 부드럽다."
편하다,positive,1.54,-1.3,3,6.01,5.23,민경환,"몸이나 마음이 거북하거나 괴롭지 아니하여 좋다.
쉽고 편리하다."
긍지,positive,1.538,-0.2005,2,4.55,4.13,이윤형*,자신의 능력을 믿음으로써 가지는 당당함.
온정,positive,1.534,-1.541,2,4.02,4.01,이윤형*,따뜻한 사랑이나 인정.
당당하다,positive,1.53,0.15,4,,,고일주,남 앞에 내세울 만큼 모습이나 태도가 떳떳하다.
신기하다,positive,1.53,0.75,4,,,고일주,믿을 수 없을 정도로 색다르고 놀랍다.
원하다,positive,1.53,0.33,3,,,고일주,무엇을 바라거나 하고자 하다.
영광,positive,1.53,0.496,2,,,이윤형,빛나고 아름다운 영예.
가치,positive,1.522,-0.998,2,,,이윤형,"사물이 지니고 있는 쓸모.
대상이 인간과의 관계에 의하여 지니게 되는 중요성.
인간의 욕구나 관심의 대상 또는 목표가 되는 진, 선, 미 따위를 통틀어 이르는 말."
생동감,positive,1.522,1.211,3,,,이윤형,생기 있게 살아 움직이는 듯한 느낌.
열광하다,positive,1.52,2.66,4,,,민경환,너무 기쁘거나 흥분하여 미친 듯이 날뛰다.
업적,positive,1.514,0.114,2,,,이윤형,어떤 사업이나 연구 따위에서 세운 공적.
건강,positive,1.507,-1.566,2,,,이윤형,정신적으로나 육체적으로 아무 탈이 없고 튼튼함. 또는 그런 상태.
고맙다,positive,1.5,-0.23,3,,,민경환,남이 베풀어 준 호의나 도움 따위에 대하여 마음이 흐뭇하고 즐겁다.
흥나다,positive,1.5,2.0,3,4.54,4.73,민경환,흥취가 생기다.
정확성,positive,1.5,-0.4375,3,,,김청택,바르고 확실한 성질. 또는 그런 정도.
자부심,positive,1.499,-0.928,3,,,이윤형,자기 자신 또는 자기와 관련되어 있는 것에 대하여 스스로 그 가치나 능력을 믿고 당당히 여기는 마음.
환영,positive,1.483,-0.158,2,,,이윤형,오는 사람을 기쁜 마음으로 반갑게 맞음.
흐뭇하다,positive,1.48,-0.15,4,5.46,5.26,민경환,마음에 흡족하여 매우 만족스럽다.
특별,positive,1.476,0.589,2,,,이윤형,일반적인 것과 아주 다름.
평온하다,positive,1.46,-1.54,4,4.99,4.86,민경환,조용하고 평안하다.
거룩,positive,1.46,-1.013,2,,,이윤형,뜻이 매우 높고 위대함.
선호,positive,1.46,-0.827,2,,,이윤형,여럿 가운데서 특별히 가려서 좋아함.
감동하다,positive,1.45,0.47,4,,,민경환,크게 느끼어 마음이 움직이다.
해결,positive,1.444,-1.122,2,,,이윤형,제기된 문제를 해명하거나 얽힌 일을 잘 처리함.
괜찮다,positive,1.44,-1.11,3,,,고일주,"별로 나쁘지 않고 보통 이상이다.
탈이나 문제, 걱정이 되거나 꺼릴 것이 없다."
선선하다,positive,1.44,-0.54,4,,,고일주,"시원한 느낌이 들 만큼 서늘하다.
까다롭지 않고 시원스럽다."
절묘하다,positive,1.44,0.48,4,,,고일주,비할 데가 없을 만큼 아주 묘하다.
보행권,positive,1.4375,-1.0,3,,,김청택,쾌적하고 안전하게 걸을 수 있는 권리.
순발력,positive,1.4375,1.8125,3,,,김청택,"근육이 순간적으로 빨리 수축하면서 나는 힘. 멀리뛰기, 높이뛰기 따위로 측정한다."
감격하다,positive,1.43,1.19,4,5.46,5.07,민경환,"마음에 깊이 느끼어 크게 감동하다.
고마움을 깊이 느끼다."
교감하다,positive,1.43,0.41,4,4.22,4.37,민경환,서로 접촉하여 따라 움직임을 느끼다.
생기,positive,1.429,-0.71,2,,,이윤형,"싱싱하고 힘찬 기운.
좋은 날의 운수."
이뻐하다,positive,1.42,0.29,4,5.53,4.73,민경환,귀여워하다. 사랑스럽고 귀엽다고 여기다.
안락하다,positive,1.41,-2.1,4,4.5,4.56,민경환,몸과 마음이 편안하고 즐겁다.
땡긴다,positive,1.41,1.2,3,,,고일주,좋아하는 마음이 일어나 저절로 끌리다.
신중하다,positive,1.41,-1.59,4,,,고일주,매우 조심스럽다. 가볍지 않고 조심스럽다.
떳떳하다,positive,1.4,0.15,4,5.6,5.15,민경환,굽힐 것이 없이 당당하다.
편안하다,positive,1.4,-1.67,4,,,민경환,편하고 걱정 없이 좋다.
천재성,positive,1.39,0.869,3,,,이윤형,천재적인 특성.
고대하다,positive,1.38,0.48,4,,,고일주,몹시 기다리다.
섹시하다,positive,1.38,1.47,4,,,고일주,외모나 언행에 성적 매력이 있다.
희열,positive,1.3785,1.2865,2,4.42,4.49,이윤형*,기쁨과 즐거움. 또는 기뻐하고 즐거워함.
다양화,positive,1.375,1.0625,3,,,김청택,"모양, 빛깔, 형태, 양식 따위가 여러 가지로 많아짐. 또는 그렇게 만듦."
보디빌더,positive,1.375,1.625,4,,,김청택,보디빌딩을 전문적으로 하는 사람.
스폰서십,positive,1.375,0.5625,4,,,김청택,"행사, 자선 사업 따위에 기부금을 내어 돕는 사람으로서의 정신."
운동화,positive,1.375,-0.0625,3,,,김청택,운동할 때 신는 신. 또는 평상시에 활동하기 편하게 신는 신.
유용성,positive,1.375,-0.5,3,,,김청택,소용에 닿고 이용할 만한 특성.
카니발,positive,1.375,1.25,3,,,김청택,사순절에 앞서서 3일 또는 한 주일 동안 즐기는 명절.
새싹,positive,1.374,-1.184,2,,,이윤형,"새로 돋아나는 싹.
사물의 근원이 될 수 있는 새로운 시초를 비유적으로 이르는 말."
자긍,positive,1.37,0.48,2,3.97,3.94,민경환,스스로에게 긍지를 가짐. 또는 그 긍지.
방학,positive,1.359,0.34,2,,,이윤형,"일정 기간 동안 수업을 쉬는 일. 또는 그 기간. 주로 학교에서 학기나 학년이 끝난 뒤 또는 더위, 추위가 심할 때 실시한다."
벚꽃,positive,1.351,-1.107,2,,,이윤형,벚나무의 꽃.
화해,positive,1.351,-1.542,2,,,이윤형,싸움하던 것을 멈추고 서로 가지고 있던 안 좋은 감정을 풀어 없앰.
촉촉하다,positive,1.35,-0.36,4,,,고일주,물기가 있어 조금 젖은 듯하다.
동감하다,positive,1.33,0.19,4,5.04,4.97,민경환,어떤 견해나 의견에 같은 생각을 가지다.
후련하다,positive,1.33,-0.39,4,5.3,5.44,민경환,"좋지 아니하던 속이 풀리거나 내려서 시원하다.
답답하거나 갑갑하여 언짢던 것이 풀려 마음이 시원하다."
정답다,positive,1.32,-0.03,3,5.15,5.01,민경환,따뜻한 정이 있다.
공놀이,positive,1.3125,1.4375,3,,,김청택,공을 가지고 노는 놀이.
싱크로율,positive,1.3125,-1.0625,4,,,김청택,비교되는 대상들이 서로 어긋나지 아니하고 같거나 들어맞는 비율.
일광욕,positive,1.3125,-1.125,3,,,김청택,치료나 건강을 위하여 온몸을 드러내고 햇빛을 쬠. 또는 그런 일.
순정,positive,1.301,-1.1505,2,4.68,4.1,이윤형*,순수한 감정이나 애정.
신세계,positive,1.289,-0.041,3,,,이윤형,새롭게 생활하거나 활동하는 장소. 또는 새로운 경치.
유대감,positive,1.289,-1.379,3,,,이윤형,서로 밀접하게 연결되어 있는 공통된 느낌.
활약,positive,1.281,0.776,2,,,이윤형,어떤 일에서 눈길을 끌 만큼 뛰어나게 활동함.
안심,positive,1.273,-1.9145,2,5.03,4.45,이윤형*,모든 걱정을 떨쳐 버리고 마음을 편히 가짐.
충족감,positive,1.27,0.15,3,4.58,4.26,민경환,아쉽거나 모자람이 없는 느낌.
창조,positive,1.266,0.34,2,,,이윤형,"전에 없던 것을 처음으로 만듦.
새로운 성과나 업적, 가치 따위를 이룩함."
영예롭다,positive,1.26,0.62,4,3.89,3.87,민경환,영예로 여길 만하다.
열망하다,positive,1.26,1.11,4,,,고일주,열렬하게 바라다.
매료되다,positive,1.25,0.69,4,4.4,4.68,민경환,사람의 마음이 완전히 사로잡혀 홀리게 되다.
강대국,positive,1.25,0.4375,3,,,김청택,병력이 강하고 영토가 넓어 힘이 센 나라.
세심히,positive,1.25,0.4375,3,,,김청택,작은 일에도 꼼꼼하게 주의를 기울여 빈틈이 없이.
신속히,positive,1.25,1.8125,3,,,김청택,매우 날쌔고 빠르게.
보석,positive,1.234,-0.562,2,,,이윤형,"광업 아주 단단하고 빛깔과 광택이 아름다우며 희귀한 광물. 비금속 광물로 흔히 장신구로 쓰이며, 다이아몬드ㆍ옥수ㆍ비취ㆍ에메랄드ㆍ사파이어ㆍ루비ㆍ단백석 따위가 있다."
뭉클,positive,1.23,-0.03,2,,,고일주,슬픔이나 노여움 따위의 감정이 북받치어 가슴이 갑자기 꽉 차는 듯한 느낌.
동경,positive,1.211,-1.099,2,,,이윤형,"어떤 것을 간절히 그리워하여 그것만을 생각함.
마음이 스스로 들떠서 안정되지 아니함."
신바람,positive,1.211,0.433,3,,,이윤형,신이 나서 어깨가 우쭐거릴 정도의 즐거운 기분.
설레다,positive,1.21,1.26,3,,,민경환,"마음이 가라앉지 아니하고 들떠서 두근거리다.
가만히 있지 아니하고 자꾸만 움직이다."
무지개,positive,1.203,-1.091,3,,,이윤형,"공중에 떠 있는 물방울이 햇빛을 받아 나타나는, 반원 모양의 일곱 빛깔의 줄."
기원하다,positive,1.2,-0.54,4,,,고일주,기대하고 바라다.
차분하다,positive,1.2,-1.95,4,,,고일주,마음이 가라앉아 조용하다.
후훗,positive,1.2,0.21,2,,,고일주,기분이 좋거나 흐뭇할 때 웃는 소리를 나타내는 말.
꿈꾸다,positive,1.1875,-0.3125,3,,,김청택,꿈을 꾸는 상태에 있다.
면역력,positive,1.1875,0.0625,3,,,김청택,외부에서 들어온 병원균에 저항하는 힘.
플래카드,positive,1.1875,0.375,4,,,김청택,긴 천에 표어 따위를 적어 양쪽을 장대에 매어 높이 들거나 길 위에 달아 놓은 표지물.
오락,positive,1.18,-0.096,2,,,이윤형,"쉬는 시간에 여러 가지 방법으로 기분을 즐겁게 하는 일.
아주 즐거워함. 또는 아주 즐거운 것."
박진감,positive,1.165,0.8945,3,4.29,3.97,이윤형*,"진실에 가까운 느낌.
생동감 있고 활기차고 적극적이어서 현실적으로 느껴지는 느낌."
낙천,positive,1.157,-1.029,2,,,이윤형,세상과 인생을 즐겁고 좋은 것으로 여김.
열성,positive,1.157,0.783,2,,,이윤형,열렬한 정성.
화끈하다,positive,1.14,1.62,4,,,고일주,"몸이나 쇠 따위가 뜨거운 기운을 받아 갑자기 달아오르는 느낌이 있다.
일을 아주 시원스럽게 하는 맛이 있다."
매혹,positive,1.1345,0.737,2,4.34,3.85,이윤형*,남의 마음을 사로잡아 호림.
대중문화,positive,1.125,0.875,4,,,김청택,"대중이 형성하는 문화. 생활 수준의 향상, 교육의 보급, 매스컴의 발달 따위를 기반으로 이루어지며, 대량 생산과 대량 소비를 전제로 하기 때문에 문화의 상품화ㆍ획일화ㆍ저속화 경향이 생기는 경우가 많다."
독창성,positive,1.125,1.125,3,,,김청택,독창적인 성향이나 성질.
숨김없이,positive,1.125,-0.5625,4,,,김청택,감추거나 드러내지 않는 일이 없이.
인격,positive,1.118,-0.5,2,,,이윤형,사람으로서의 품격.
감탄하다,positive,1.11,1.03,4,,,민경환,마음속 깊이 느끼어 탄복하다.
사모하다,positive,1.11,0.38,4,4.47,4.45,민경환,"애틋하게 생각하고 그리워하다.
우러러 받들고 마음속 깊이 따르다."
안정되다,positive,1.11,-1.69,4,5.5,4.81,민경환,육체적 또는 정신적으로 편안하고 고요함.
자족하다,positive,1.11,-0.11,4,3.97,4.01,민경환,"스스로 넉넉함을 느끼다.
필요한 물건을 자기 스스로 충족시키다."
전율,positive,1.11,1.59,2,,,고일주,"몹시 무섭거나 두려워 몸이 벌벌 떨림.
몸이 떨릴 정도로 감격스러움을 비유적으로 이르는 말."
간식,positive,1.11,0.247,2,,,이윤형,끼니와 끼니 사이에 음식을 먹음. 또는 그 음식.
도취하다,positive,1.1,0.94,4,4.37,4.24,민경환,어떠한 것에 마음이 쏠려 취하다시피 하다.
공감하다,positive,1.07,-0.26,4,,,민경환,"남의 감정, 의견, 주장 따위에 대하여 자기도 그렇다고 느끼다."
열애,positive,1.07,1.73,2,4.25,3.88,민경환,열렬히 사랑함. 또는 그런 사랑.
리코더,positive,1.0625,-0.4375,3,,,김청택,"세로로 부는, 플루트의 한 종류인 목관 악기. 부드럽고 밝은 음색을 지닌다."
시작하다,positive,1.0625,0.9375,4,,,김청택,어떤 일이나 행동의 처음 단계를 이루거나 그렇게 하게 하다.
식물성,positive,1.0625,-0.6875,3,,,김청택,식물에서만 볼 수 있는 고유한 성질. 또는 그런 성질을 지닌 것.
주춧돌,positive,1.0625,-1.625,3,,,김청택,기둥 밑에 기초로 받쳐 놓은 돌.
클라우드,positive,1.0625,-0.75,4,,,김청택,"인터넷상에 마련한 개인용 서버에 각종 문서, 사진, 음악 따위의 파일 및 정보를 저장하여 두는 시스템."
포장지,positive,1.0625,-0.25,3,,,김청택,물건을 싸거나 꾸리는 데 쓰는 종이.
굉장한,positive,1.05,1.17,3,,,고일주,"아주 크고 훌륭하다.
보통 이상으로 대단하다."
낙관론,positive,1.032,-0.881,3,,,이윤형,인생이나 사물을 밝고 희망적으로 생각하는 견해.
자부하다,positive,1.02,0.02,4,4.57,4.13,민경환,자기 자신 또는 자기와 관련되어 있는 것에 대하여 스스로 그 가치나 능력을 믿고 마음을 당당히 가지다.
도시락,positive,1.009,-1.091,3,,,이윤형,"밥을 담는 작은 그릇.
밥을 담는 작은 그릇에 반찬을 곁들여 담는 밥."
